transaction_id,items
UCI-EIRE-536975,"BINGO SET,BLUE HARMONICA IN BOX,BREAD BIN DINER STYLE IVORY,BREAD BIN DINER STYLE RED,CHOCOLATE HOT WATER BOTTLE,REGENCY CAKESTAND 3 TIER,SET OF 20 VINTAGE CHRISTMAS NAPKINS,VINTAGE SNAKES & LADDERS"
UCI-EIRE-537378,"CARRIAGE,GREEN REGENCY TEACUP AND SAUCER,MINT KITCHEN SCALES,REGENCY CAKESTAND 3 TIER,ROSES REGENCY TEACUP AND SAUCER"
UCI-EIRE-538009,"60 TEATIME FAIRY CAKE CASES,BREAD BIN DINER STYLE RED,CHOCOLATE HOT WATER BOTTLE,DOORMAT FANCY FONT HOME SWEET HOME,GINGERBREAD MAN COOKIE CUTTER,PACK OF 72 RETROSPOT CAKE CASES,PLEASE ONE PERSON METAL SIGN,RED HANGING HEART T-LIGHT HOLDER,REGENCY CAKESTAND 3 TIER,SET OF 3 BUTTERFLY COOKIE CUTTERS,SET/5 RED RETROSPOT LID GLASS BOWLS,SWEETHEART RECIPE BOOK STAND"
UCI-EIRE-538255,"COOK WITH WINE METAL SIGN,DOORMAT FANCY FONT HOME SWEET HOME,DOORMAT NEW ENGLAND,IVORY KITCHEN SCALES,LUNCH BAG RED RETROSPOT,PHOTO FRAME 3 CLASSIC HANGING,PLEASE ONE PERSON METAL SIGN,RED KITCHEN SCALES,REGENCY CAKESTAND 3 TIER,SET OF 20 VINTAGE CHRISTMAS NAPKINS,SWEETHEART RECIPE BOOK STAND"
UCI-EIRE-539320,"EDWARDIAN PARASOL NATURAL,SWEETHEART RECIPE BOOK STAND,WHITE HANGING HEART T-LIGHT HOLDER"
UCI-EIRE-539337,"BINGO SET,BREAD BIN DINER STYLE IVORY,CARRIAGE,HOMEMADE JAM SCENTED CANDLES,JAM MAKING SET PRINTED,JAM MAKING SET WITH JARS,PACK OF 60 PINK PAISLEY CAKE CASES,RECIPE BOX PANTRY YELLOW DESIGN,SET OF 3 CAKE TINS PANTRY DESIGN,SET OF 6 SPICE TINS PANTRY DESIGN,VINTAGE SNAP CARDS"
UCI-EIRE-539421,"CARRIAGE,FAMILY ALBUM WHITE PICTURE FRAME,GINGERBREAD MAN COOKIE CUTTER,HOMEMADE JAM SCENTED CANDLES,JAM MAKING SET PRINTED,JAM MAKING SET WITH JARS,REGENCY CAKESTAND 3 TIER"
UCI-EIRE-539473,"72 SWEETHEART FAIRY CAKE CASES,CARRIAGE,REGENCY CAKESTAND 3 TIER"
UCI-EIRE-539722,"60 TEATIME FAIRY CAKE CASES,BREAD BIN DINER STYLE IVORY,CHOCOLATE HOT WATER BOTTLE,FAMILY ALBUM WHITE PICTURE FRAME,JAM MAKING SET WITH JARS,JUMBO BAG RED RETROSPOT,PACK OF 72 RETROSPOT CAKE CASES,RECIPE BOX PANTRY YELLOW DESIGN,RED HANGING HEART T-LIGHT HOLDER,REGENCY CAKESTAND 3 TIER,SET OF 3 CAKE TINS PANTRY DESIGN,SET/5 RED RETROSPOT LID GLASS BOWLS,WHITE HANGING HEART T-LIGHT HOLDER"
UCI-EIRE-539984,"4 TRADITIONAL SPINNING TOPS,BAKING SET 9 PIECE RETROSPOT,BINGO SET,CARRIAGE,HOLIDAY FUN LUDO,JAM MAKING SET PRINTED,JAM MAKING SET WITH JARS,VINTAGE SNAKES & LADDERS,VINTAGE SNAP CARDS"
UCI-EIRE-540547,"CARRIAGE,PHOTO FRAME CORNICE"
UCI-EIRE-541220,"JAM MAKING SET PRINTED,JAM MAKING SET WITH JARS,LUNCH BAG CARS BLUE,PHOTO FRAME CORNICE,REGENCY CAKESTAND 3 TIER,ROSES REGENCY TEACUP AND SAUCER,SET OF 3 CAKE TINS PANTRY DESIGN,SET OF 6 SPICE TINS PANTRY DESIGN"
UCI-EIRE-541434,"CARRIAGE,HANGING HEART JAR T-LIGHT HOLDER,WOODEN SCHOOL COLOURING SET"
UCI-EIRE-541670,"BAKING SET 9 PIECE RETROSPOT,ENAMEL BREAD BIN CREAM,ENAMEL FLOWER JUG CREAM,GINGERBREAD MAN COOKIE CUTTER,HOMEMADE JAM SCENTED CANDLES,JAM MAKING SET WITH JARS,PACK OF 20 NAPKINS PANTRY DESIGN,RECIPE BOX PANTRY YELLOW DESIGN,SET OF 3 BUTTERFLY COOKIE CUTTERS,SET OF 3 CAKE TINS PANTRY DESIGN,SET OF 6 SPICE TINS PANTRY DESIGN"
UCI-EIRE-541979,"BREAD BIN DINER STYLE IVORY,CARRIAGE,ENAMEL BREAD BIN CREAM,SET OF 3 CAKE TINS PANTRY DESIGN,SET OF 6 SPICE TINS PANTRY DESIGN,SWEETHEART RECIPE BOOK STAND,WHITE HANGING HEART T-LIGHT HOLDER"
UCI-EIRE-542216,"HANGING HEART JAR T-LIGHT HOLDER,PHOTO FRAME CORNICE"
UCI-EIRE-542278,"CARRIAGE,PHOTO FRAME 3 CLASSIC HANGING,SET OF 3 CAKE TINS PANTRY DESIGN"
UCI-EIRE-542777,"72 SWEETHEART FAIRY CAKE CASES,COOK WITH WINE METAL SIGN,IVORY KITCHEN SCALES,JUMBO BAG RED RETROSPOT,LUNCH BAG RED RETROSPOT,PLEASE ONE PERSON METAL SIGN,RED HANGING HEART T-LIGHT HOLDER,RED HARMONICA IN BOX,RED KITCHEN SCALES,WHITE HANGING HEART T-LIGHT HOLDER"
UCI-EIRE-543114,"BLUE HARMONICA IN BOX,CLOTHES PEGS RETROSPOT PACK 24,DOORMAT NEW ENGLAND,FAMILY ALBUM WHITE PICTURE FRAME,HEART OF WICKER SMALL,RED HANGING HEART T-LIGHT HOLDER,SET OF 3 CAKE TINS PANTRY DESIGN,WHITE HANGING HEART T-LIGHT HOLDER"
UCI-EIRE-543178,"4 TRADITIONAL SPINNING TOPS,CARRIAGE,RETROSPOT TEA SET CERAMIC 11 PC"
UCI-EIRE-543828,"HOMEMADE JAM SCENTED CANDLES,JAM MAKING SET PRINTED,JUMBO BAG RED RETROSPOT,LUNCH BAG CARS BLUE,LUNCH BAG RED RETROSPOT,PACK OF 20 NAPKINS PANTRY DESIGN,RECIPE BOX PANTRY YELLOW DESIGN,REGENCY CAKESTAND 3 TIER,SET OF 3 CAKE TINS PANTRY DESIGN,SET OF 6 SPICE TINS PANTRY DESIGN,SET/20 RED RETROSPOT PAPER NAPKINS,SWEETHEART RECIPE BOOK STAND"
UCI-EIRE-543899,"ASSORTED COLOUR BIRD ORNAMENT,CARRIAGE,EDWARDIAN PARASOL NATURAL,LUNCH BAG RED RETROSPOT,PACK OF 72 RETROSPOT CAKE CASES,PARTY BUNTING,SET OF 3 BUTTERFLY COOKIE CUTTERS"
UCI-EIRE-544074,"CHOCOLATE HOT WATER BOTTLE,COOK WITH WINE METAL SIGN,EDWARDIAN PARASOL NATURAL,JUMBO BAG RED RETROSPOT,SET OF 3 BUTTERFLY COOKIE CUTTERS,SET OF 3 CAKE TINS PANTRY DESIGN"
UCI-EIRE-544075,"ALARM CLOCK BAKELIKE PINK,ALARM CLOCK BAKELIKE RED,GREEN REGENCY TEACUP AND SAUCER,ROSES REGENCY TEACUP AND SAUCER"
UCI-EIRE-544210,"CARRIAGE,ENAMEL FLOWER JUG CREAM,FRENCH ENAMEL CANDLEHOLDER,HANGING HEART JAR T-LIGHT HOLDER,HEART OF WICKER SMALL,NATURAL SLATE HEART CHALKBOARD,WHITE HANGING HEART T-LIGHT HOLDER"
UCI-EIRE-544468,"BAKING SET 9 PIECE RETROSPOT,DOORMAT NEW ENGLAND,FAMILY ALBUM WHITE PICTURE FRAME,HOLIDAY FUN LUDO,JAM MAKING SET PRINTED,JAM MAKING SET WITH JARS,PACK OF 20 NAPKINS PANTRY DESIGN,PACK OF 60 PINK PAISLEY CAKE CASES,PANTRY ROLLING PIN,PHOTO FRAME 3 CLASSIC HANGING,RECIPE BOX PANTRY YELLOW DESIGN,REGENCY CAKESTAND 3 TIER,SET OF 6 SPICE TINS PANTRY DESIGN,VINTAGE SNAP CARDS,WHITE HANGING HEART T-LIGHT HOLDER"
UCI-EIRE-544469,"FRENCH ENAMEL CANDLEHOLDER,PHOTO FRAME 3 CLASSIC HANGING"
UCI-EIRE-544690,"BREAD BIN DINER STYLE RED,IVORY KITCHEN SCALES,RED HANGING HEART T-LIGHT HOLDER,RED KITCHEN SCALES,REGENCY CAKESTAND 3 TIER,WHITE HANGING HEART T-LIGHT HOLDER"
UCI-EIRE-545634,"4 TRADITIONAL SPINNING TOPS,BREAD BIN DINER STYLE RED,CARRIAGE,FRENCH ENAMEL CANDLEHOLDER,GINGERBREAD MAN COOKIE CUTTER,RED HARMONICA IN BOX,VINTAGE SNAP CARDS"
UCI-EIRE-545657,"4 TRADITIONAL SPINNING TOPS,ASSORTED COLOUR BIRD ORNAMENT,CLOTHES PEGS RETROSPOT PACK 24,DOORMAT NEW ENGLAND,EDWARDIAN PARASOL NATURAL,HANGING HEART JAR T-LIGHT HOLDER,HEART OF WICKER SMALL,HOMEMADE JAM SCENTED CANDLES,JAM MAKING SET PRINTED,JAM MAKING SET WITH JARS,RECIPE BOX PANTRY YELLOW DESIGN,SET OF 3 BUTTERFLY COOKIE CUTTERS,SET OF 3 CAKE TINS PANTRY DESIGN,VINTAGE SNAP CARDS,WHITE HANGING HEART T-LIGHT HOLDER,WOODEN SCHOOL COLOURING SET"
UCI-EIRE-546172,"CARRIAGE,CLOTHES PEGS RETROSPOT PACK 24,IVORY KITCHEN SCALES,JAM MAKING SET PRINTED,JAM MAKING SET WITH JARS,LUNCH BAG CARS BLUE,PACK OF 20 NAPKINS PANTRY DESIGN,PANTRY ROLLING PIN,RED KITCHEN SCALES,SET OF 6 SPICE TINS PANTRY DESIGN"
UCI-EIRE-546212,"60 TEATIME FAIRY CAKE CASES,72 SWEETHEART FAIRY CAKE CASES,ALARM CLOCK BAKELIKE PINK,ALARM CLOCK BAKELIKE RED,COOK WITH WINE METAL SIGN,PACK OF 60 DINOSAUR CAKE CASES,PACK OF 60 PINK PAISLEY CAKE CASES,PACK OF 72 RETROSPOT CAKE CASES,PLEASE ONE PERSON METAL SIGN,ROSES REGENCY TEACUP AND SAUCER,VINTAGE SNAP CARDS"
UCI-EIRE-546509,"CARRIAGE,RECIPE BOX PANTRY YELLOW DESIGN,RETROSPOT TEA SET CERAMIC 11 PC"
UCI-EIRE-546520,"GINGERBREAD MAN COOKIE CUTTER,IVORY KITCHEN SCALES,SET OF 3 BUTTERFLY COOKIE CUTTERS,VINTAGE SNAP CARDS"
UCI-EIRE-546541,"CARRIAGE,ENAMEL BREAD BIN CREAM,ENAMEL FLOWER JUG CREAM,JAM MAKING SET WITH JARS,PHOTO FRAME CORNICE"
UCI-EIRE-546569,"DOORMAT NEW ENGLAND,JAM MAKING SET PRINTED"
UCI-EIRE-546580,"EDWARDIAN PARASOL NATURAL,PHOTO FRAME CORNICE,WHITE HANGING HEART T-LIGHT HOLDER"
UCI-EIRE-546660,"BREAD BIN DINER STYLE RED,HOMEMADE JAM SCENTED CANDLES,IVORY KITCHEN SCALES,JAM MAKING SET PRINTED,JAM MAKING SET WITH JARS,RECIPE BOX PANTRY YELLOW DESIGN,RED KITCHEN SCALES,ROSES REGENCY TEACUP AND SAUCER,SET OF 3 CAKE TINS PANTRY DESIGN,SET OF 6 SPICE TINS PANTRY DESIGN,WOODEN SCHOOL COLOURING SET"
UCI-EIRE-546861,"CARRIAGE,WOODEN SCHOOL COLOURING SET"
UCI-EIRE-546917,"BAKING SET 9 PIECE RETROSPOT,CHOCOLATE HOT WATER BOTTLE,FRENCH ENAMEL CANDLEHOLDER,GINGERBREAD MAN COOKIE CUTTER,JAM MAKING SET PRINTED,SET OF 3 CAKE TINS PANTRY DESIGN,VINTAGE SNAP CARDS"
UCI-EIRE-547048,"CARRIAGE,HOLIDAY FUN LUDO,VINTAGE SNAP CARDS"
UCI-EIRE-547702,"BAKING SET 9 PIECE RETROSPOT,CARRIAGE,PHOTO FRAME CORNICE"
UCI-EIRE-547789,"60 TEATIME FAIRY CAKE CASES,JAM MAKING SET PRINTED,PACK OF 72 RETROSPOT CAKE CASES,SET/20 RED RETROSPOT PAPER NAPKINS,VINTAGE SNAP CARDS"
UCI-EIRE-547882,"CARRIAGE,HOMEMADE JAM SCENTED CANDLES,REGENCY CAKESTAND 3 TIER"
UCI-EIRE-547993,"60 TEATIME FAIRY CAKE CASES,72 SWEETHEART FAIRY CAKE CASES,CARRIAGE,JUMBO BAG RED RETROSPOT,PACK OF 60 DINOSAUR CAKE CASES,PACK OF 60 PINK PAISLEY CAKE CASES,PACK OF 72 RETROSPOT CAKE CASES,REGENCY CAKESTAND 3 TIER,RETROSPOT TEA SET CERAMIC 11 PC,SET OF 6 SPICE TINS PANTRY DESIGN"
UCI-EIRE-548664,"ENAMEL FLOWER JUG CREAM,FAMILY ALBUM WHITE PICTURE FRAME,NATURAL SLATE HEART CHALKBOARD,PHOTO FRAME 3 CLASSIC HANGING,SET OF 3 BUTTERFLY COOKIE CUTTERS"
UCI-EIRE-548718,"ALARM CLOCK BAKELIKE PINK,ALARM CLOCK BAKELIKE RED,COOK WITH WINE METAL SIGN,GREEN REGENCY TEACUP AND SAUCER,PLEASE ONE PERSON METAL SIGN,VINTAGE SNAP CARDS"
UCI-EIRE-548858,"BAKING SET 9 PIECE RETROSPOT,CARRIAGE,EDWARDIAN PARASOL NATURAL,REGENCY CAKESTAND 3 TIER"
UCI-EIRE-549118,"4 TRADITIONAL SPINNING TOPS,CLOTHES PEGS RETROSPOT PACK 24,DOORMAT FANCY FONT HOME SWEET HOME,HOLIDAY FUN LUDO,SET OF 4 PANTRY JELLY MOULDS,VINTAGE SNAP CARDS"
UCI-EIRE-549242,"CARRIAGE,FRENCH ENAMEL CANDLEHOLDER,REGENCY CAKESTAND 3 TIER,VINTAGE SNAP CARDS"
UCI-EIRE-549667,"HOLIDAY FUN LUDO,JAM MAKING SET PRINTED,JAM MAKING SET WITH JARS,LUNCH BAG CARS BLUE,LUNCH BAG RED RETROSPOT,PACK OF 20 NAPKINS PANTRY DESIGN,PANTRY ROLLING PIN,RECIPE BOX PANTRY YELLOW DESIGN,VINTAGE SNAKES & LADDERS,WHITE HANGING HEART T-LIGHT HOLDER"
UCI-EIRE-549721,"BAKING SET 9 PIECE RETROSPOT,CARRIAGE,HANGING HEART JAR T-LIGHT HOLDER,PHOTO FRAME CORNICE,RETROSPOT TEA SET CERAMIC 11 PC"
UCI-EIRE-550302,"CARRIAGE,ROSES REGENCY TEACUP AND SAUCER"
UCI-EIRE-550618,"CARRIAGE,PACK OF 20 NAPKINS PANTRY DESIGN,PACK OF 60 PINK PAISLEY CAKE CASES,PARTY BUNTING,SET OF 3 BUTTERFLY COOKIE CUTTERS"
UCI-EIRE-551656,"ASSORTED COLOUR BIRD ORNAMENT,BAKING SET 9 PIECE RETROSPOT,DOORMAT NEW ENGLAND,PLEASE ONE PERSON METAL SIGN,SET/20 RED RETROSPOT PAPER NAPKINS,WHITE HANGING HEART T-LIGHT HOLDER"
UCI-EIRE-551657,"CLOTHES PEGS RETROSPOT PACK 24,JUMBO BAG ALPHABET,PACK OF 20 NAPKINS PANTRY DESIGN,PACK OF 60 DINOSAUR CAKE CASES,RECIPE BOX PANTRY YELLOW DESIGN,ROSES REGENCY TEACUP AND SAUCER,SET OF 3 BUTTERFLY COOKIE CUTTERS,SET OF 4 PANTRY JELLY MOULDS"
UCI-EIRE-551950,"4 TRADITIONAL SPINNING TOPS,CARRIAGE,FRENCH ENAMEL CANDLEHOLDER,RED HARMONICA IN BOX,REGENCY CAKESTAND 3 TIER,VINTAGE SNAP CARDS"
UCI-EIRE-552038,"COOK WITH WINE METAL SIGN,DOORMAT FANCY FONT HOME SWEET HOME,LUNCH BAG RED RETROSPOT,PACK OF 60 PINK PAISLEY CAKE CASES,PACK OF 72 RETROSPOT CAKE CASES,VINTAGE SNAP CARDS"
UCI-EIRE-552262,"BLUE HARMONICA IN BOX,RED HARMONICA IN BOX,WHITE HANGING HEART T-LIGHT HOLDER"
UCI-EIRE-552539,"ALARM CLOCK BAKELIKE PINK,ENAMEL BREAD BIN CREAM,ENAMEL FLOWER JUG CREAM,HANGING HEART JAR T-LIGHT HOLDER,JAM MAKING SET PRINTED,PACK OF 60 PINK PAISLEY CAKE CASES,PHOTO FRAME 3 CLASSIC HANGING,RECIPE BOX PANTRY YELLOW DESIGN,REGENCY CAKESTAND 3 TIER,SET OF 6 SPICE TINS PANTRY DESIGN,SET/20 RED RETROSPOT PAPER NAPKINS"
UCI-EIRE-552540,"PACK OF 20 NAPKINS PANTRY DESIGN,PLEASE ONE PERSON METAL SIGN,ROSES REGENCY TEACUP AND SAUCER,SET OF 6 SPICE TINS PANTRY DESIGN,WHITE HANGING HEART T-LIGHT HOLDER"
UCI-EIRE-553203,"CARRIAGE,PHOTO FRAME 3 CLASSIC HANGING,PHOTO FRAME CORNICE,SPOTTY BUNTING,WHITE HANGING HEART T-LIGHT HOLDER"
UCI-EIRE-553206,"DOORMAT FANCY FONT HOME SWEET HOME,LUNCH BAG CARS BLUE,LUNCH BAG RED RETROSPOT,RECIPE BOX PANTRY YELLOW DESIGN,REGENCY CAKESTAND 3 TIER,SET OF 6 SPICE TINS PANTRY DESIGN,SPOTTY BUNTING,SWEETHEART RECIPE BOOK STAND"
UCI-EIRE-553210,"BINGO SET,GREEN REGENCY TEACUP AND SAUCER,NATURAL SLATE HEART CHALKBOARD,PARTY BUNTING,RED HARMONICA IN BOX,REGENCY CAKESTAND 3 TIER,ROSES REGENCY TEACUP AND SAUCER,VINTAGE SNAP CARDS"
UCI-EIRE-553348,"COOK WITH WINE METAL SIGN,HOLIDAY FUN LUDO,JUMBO BAG ALPHABET,JUMBO BAG VINTAGE LEAF,PACK OF 60 DINOSAUR CAKE CASES,RECIPE BOX PANTRY YELLOW DESIGN,RED HARMONICA IN BOX,VINTAGE SNAKES & LADDERS"
UCI-EIRE-553375,"JAM MAKING SET PRINTED,JAM MAKING SET WITH JARS,REGENCY CAKESTAND 3 TIER,SET OF 4 PANTRY JELLY MOULDS,SPOTTY BUNTING"
UCI-EIRE-553535,"60 TEATIME FAIRY CAKE CASES,ALARM CLOCK BAKELIKE PINK,BREAD BIN DINER STYLE IVORY,BREAD BIN DINER STYLE RED,ENAMEL BREAD BIN CREAM,ENAMEL FLOWER JUG CREAM,GINGERBREAD MAN COOKIE CUTTER,GREEN REGENCY TEACUP AND SAUCER,HEART OF WICKER SMALL,PACK OF 60 PINK PAISLEY CAKE CASES,PACK OF 72 RETROSPOT CAKE CASES,PANTRY ROLLING PIN,PARTY BUNTING,REGENCY CAKESTAND 3 TIER,REGENCY MILK JUG PINK,REGENCY SUGAR BOWL GREEN,REGENCY TEAPOT ROSES,ROSES REGENCY TEACUP AND SAUCER,SET OF 3 BUTTERFLY COOKIE CUTTERS,SET OF 4 PANTRY JELLY MOULDS,SPOTTY BUNTING,WHITE HANGING HEART T-LIGHT HOLDER"
UCI-EIRE-553686,"BAKING SET 9 PIECE RETROSPOT,BLUE HARMONICA IN BOX,DOORMAT FANCY FONT HOME SWEET HOME,EDWARDIAN PARASOL NATURAL,HOLIDAY FUN LUDO,JAM MAKING SET WITH JARS,LUNCH BAG CARS BLUE,NATURAL SLATE HEART CHALKBOARD,PACK OF 72 RETROSPOT CAKE CASES,PARTY BUNTING,RED HARMONICA IN BOX,REGENCY CAKESTAND 3 TIER,VINTAGE SNAKES & LADDERS"
UCI-EIRE-553897,"CARRIAGE,HEART OF WICKER SMALL,HOMEMADE JAM SCENTED CANDLES"
UCI-EIRE-553901,"BINGO SET,ENAMEL FLOWER JUG CREAM,GREEN REGENCY TEACUP AND SAUCER,REGENCY CAKESTAND 3 TIER,REGENCY MILK JUG PINK,REGENCY SUGAR BOWL GREEN,REGENCY TEA PLATE GREEN,REGENCY TEA PLATE ROSES,REGENCY TEAPOT ROSES,ROSES REGENCY TEACUP AND SAUCER,VINTAGE SNAKES & LADDERS,WOODEN SCHOOL COLOURING SET"
UCI-EIRE-553931,"BREAD BIN DINER STYLE IVORY,CARRIAGE,VINTAGE SNAKES & LADDERS"
UCI-EIRE-554139,"ASSORTED COLOUR BIRD ORNAMENT,ENAMEL BREAD BIN CREAM,ENAMEL FLOWER JUG CREAM,FRENCH ENAMEL CANDLEHOLDER,GREEN REGENCY TEACUP AND SAUCER,PARTY BUNTING,PINK REGENCY TEACUP AND SAUCER,REGENCY CAKESTAND 3 TIER,REGENCY MILK JUG PINK,REGENCY SUGAR BOWL GREEN,ROSES REGENCY TEACUP AND SAUCER,SPOTTY BUNTING,VINTAGE SNAP CARDS"
UCI-EIRE-554770,"CARRIAGE,HOLIDAY FUN LUDO,IVORY KITCHEN SCALES,LUNCH BAG CARS BLUE,LUNCH BAG RED RETROSPOT,RED KITCHEN SCALES,WHITE HANGING HEART T-LIGHT HOLDER"
UCI-EIRE-555650,"BREAD BIN DINER STYLE IVORY,BREAD BIN DINER STYLE RED,COOK WITH WINE METAL SIGN,EDWARDIAN PARASOL NATURAL,JAM MAKING SET PRINTED,REGENCY CAKESTAND 3 TIER,RETROSPOT TEA SET CERAMIC 11 PC,SWEETHEART RECIPE BOOK STAND,WOODEN SCHOOL COLOURING SET"
UCI-EIRE-555858,"72 SWEETHEART FAIRY CAKE CASES,BAKING SET 9 PIECE RETROSPOT,CARRIAGE,JAM MAKING SET PRINTED,PACK OF 60 DINOSAUR CAKE CASES,PACK OF 72 RETROSPOT CAKE CASES"
UCI-EIRE-555947,"BAKING SET 9 PIECE RETROSPOT,EDWARDIAN PARASOL NATURAL,HEART OF WICKER SMALL,PARTY BUNTING,REGENCY CAKESTAND 3 TIER,WHITE HANGING HEART T-LIGHT HOLDER"
UCI-EIRE-556060,"ENAMEL BREAD BIN CREAM,HOMEMADE JAM SCENTED CANDLES,JAM MAKING SET WITH JARS,PACK OF 20 NAPKINS PANTRY DESIGN,RECIPE BOX PANTRY YELLOW DESIGN,SET OF 3 CAKE TINS PANTRY DESIGN"
UCI-EIRE-556126,"CARRIAGE,FRENCH ENAMEL CANDLEHOLDER,JUMBO BAG VINTAGE LEAF,RED HARMONICA IN BOX,VINTAGE SNAP CARDS"
UCI-EIRE-556206,"CARRIAGE,ENAMEL FLOWER JUG CREAM,IVORY KITCHEN SCALES,MINT KITCHEN SCALES,REGENCY CAKESTAND 3 TIER,REGENCY TEA PLATE ROSES,ROSES REGENCY TEACUP AND SAUCER,SET OF 3 REGENCY CAKE TINS"
UCI-EIRE-556510,"JUMBO BAG ALPHABET,JUMBO BAG VINTAGE LEAF,REGENCY CAKESTAND 3 TIER,REGENCY MILK JUG PINK,REGENCY SUGAR BOWL GREEN,REGENCY TEA PLATE ROSES,REGENCY TEAPOT ROSES,SET OF 3 REGENCY CAKE TINS"
UCI-EIRE-556927,"60 TEATIME FAIRY CAKE CASES,72 SWEETHEART FAIRY CAKE CASES,ALARM CLOCK BAKELIKE PINK,ALARM CLOCK BAKELIKE RED,COOK WITH WINE METAL SIGN,PACK OF 60 DINOSAUR CAKE CASES,PACK OF 60 PINK PAISLEY CAKE CASES,ROSES REGENCY TEACUP AND SAUCER,VINTAGE SNAP CARDS"
UCI-EIRE-556953,"DOORMAT FANCY FONT HOME SWEET HOME,DOORMAT NEW ENGLAND,REGENCY CAKESTAND 3 TIER,REGENCY MILK JUG PINK,REGENCY SUGAR BOWL GREEN,REGENCY TEA PLATE GREEN,REGENCY TEA PLATE PINK,REGENCY TEA PLATE ROSES,REGENCY TEAPOT ROSES,ROSES REGENCY TEACUP AND SAUCER,SET OF 3 REGENCY CAKE TINS,SET OF TEA COFFEE SUGAR TINS PANTRY"
UCI-EIRE-557136,"CARRIAGE,IVORY KITCHEN SCALES,JUMBO BAG RED RETROSPOT,PACK OF 72 RETROSPOT CAKE CASES,POPCORN HOLDER"
UCI-EIRE-557318,"CARRIAGE,ENAMEL FLOWER JUG CREAM,JAM MAKING SET WITH JARS"
UCI-EIRE-557605,"CARRIAGE,GREEN REGENCY TEACUP AND SAUCER,PINK REGENCY TEACUP AND SAUCER"
UCI-EIRE-557742,"CARRIAGE,HANGING HEART JAR T-LIGHT HOLDER,WOODEN SCHOOL COLOURING SET"
UCI-EIRE-557759,"CARRIAGE,REGENCY MILK JUG PINK,REGENCY SUGAR BOWL GREEN,REGENCY TEA PLATE GREEN,REGENCY TEA PLATE PINK,REGENCY TEA PLATE ROSES,REGENCY TEAPOT ROSES,SET OF 3 REGENCY CAKE TINS,SPOTTY BUNTING"
UCI-EIRE-557872,"4 TRADITIONAL SPINNING TOPS,72 SWEETHEART FAIRY CAKE CASES,CARRIAGE,PACK OF 60 PINK PAISLEY CAKE CASES,RECIPE BOX PANTRY YELLOW DESIGN,SET OF 3 CAKE TINS PANTRY DESIGN,SET OF 4 PANTRY JELLY MOULDS"
UCI-EIRE-558046,"CARRIAGE,DOORMAT NEW ENGLAND,HOMEMADE JAM SCENTED CANDLES,IVORY KITCHEN SCALES,SET/5 RED RETROSPOT LID GLASS BOWLS,WHITE HANGING HEART T-LIGHT HOLDER"
UCI-EIRE-558067,"BREAD BIN DINER STYLE IVORY,BREAD BIN DINER STYLE RED,LUNCH BAG CARS BLUE,LUNCH BAG RED RETROSPOT,SET OF 3 REGENCY CAKE TINS,SET/20 RED RETROSPOT PAPER NAPKINS"
UCI-EIRE-558113,"ALARM CLOCK BAKELIKE RED,ASSORTED COLOUR BIRD ORNAMENT,BLUE HARMONICA IN BOX,BREAD BIN DINER STYLE RED,IVORY KITCHEN SCALES,JUMBO BAG RED RETROSPOT,JUMBO BAG VINTAGE LEAF,NATURAL SLATE HEART CHALKBOARD,POPCORN HOLDER,SET OF 3 CAKE TINS PANTRY DESIGN,SET OF TEA COFFEE SUGAR TINS PANTRY"
UCI-EIRE-558114,"JUMBO BAG VINTAGE LEAF,MINT KITCHEN SCALES,PANTRY MAGNETIC SHOPPING LIST,SET OF 3 CAKE TINS PANTRY DESIGN,SET OF TEA COFFEE SUGAR TINS PANTRY,SPOTTY BUNTING"
UCI-EIRE-558388,"4 TRADITIONAL SPINNING TOPS,ASSORTED COLOUR BIRD ORNAMENT,DOORMAT NEW ENGLAND,HEART OF WICKER SMALL,JAM MAKING SET WITH JARS,NATURAL SLATE HEART CHALKBOARD,PACK OF 60 PINK PAISLEY CAKE CASES,POPCORN HOLDER,REGENCY CAKESTAND 3 TIER,REGENCY TEA PLATE GREEN,REGENCY TEA PLATE ROSES,SET OF 3 BUTTERFLY COOKIE CUTTERS,SET OF 3 CAKE TINS PANTRY DESIGN,SET OF TEA COFFEE SUGAR TINS PANTRY,SPOTTY BUNTING,VINTAGE SNAP CARDS,WHITE HANGING HEART T-LIGHT HOLDER"
UCI-EIRE-558417,"60 TEATIME FAIRY CAKE CASES,ALARM CLOCK BAKELIKE PINK,ALARM CLOCK BAKELIKE RED,DOORMAT FANCY FONT HOME SWEET HOME,HANGING HEART JAR T-LIGHT HOLDER,VINTAGE SNAP CARDS"
UCI-EIRE-558431,"EDWARDIAN PARASOL NATURAL,PARTY BUNTING"
UCI-EIRE-558613,"COOK WITH WINE METAL SIGN,JUMBO BAG ALPHABET,JUMBO BAG VINTAGE LEAF,LUNCH BAG CARS BLUE,PACK OF 60 DINOSAUR CAKE CASES"
UCI-EIRE-558640,"CARRIAGE,HOMEMADE JAM SCENTED CANDLES,SET/20 RED RETROSPOT PAPER NAPKINS"
UCI-EIRE-558684,"EDWARDIAN PARASOL NATURAL,FRENCH ENAMEL CANDLEHOLDER,PANTRY MAGNETIC SHOPPING LIST"
UCI-EIRE-558864,"ALARM CLOCK BAKELIKE RED,ASSORTED COLOUR BIRD ORNAMENT,BAKING SET 9 PIECE RETROSPOT,BLUE HARMONICA IN BOX,BREAD BIN DINER STYLE RED,DOORMAT NEW ENGLAND,ENAMEL BREAD BIN CREAM,FAMILY ALBUM WHITE PICTURE FRAME,GREEN REGENCY TEACUP AND SAUCER,IVORY KITCHEN SCALES,JAM MAKING SET PRINTED,MINT KITCHEN SCALES,PACK OF 20 NAPKINS PANTRY DESIGN,RED KITCHEN SCALES,REGENCY CAKESTAND 3 TIER,REGENCY TEA PLATE GREEN,ROSES REGENCY TEACUP AND SAUCER,SET OF 3 CAKE TINS PANTRY DESIGN,SET OF 60 PANTRY DESIGN CAKE CASES,SET OF TEA COFFEE SUGAR TINS PANTRY,SET/20 RED RETROSPOT PAPER NAPKINS,SPOTTY BUNTING,VINTAGE SNAP CARDS"
UCI-EIRE-558865,"HANGING HEART JAR T-LIGHT HOLDER,PANTRY MAGNETIC SHOPPING LIST"
UCI-EIRE-559010,"CARRIAGE,PHOTO FRAME CORNICE,RETROSPOT TEA SET CERAMIC 11 PC"
UCI-EIRE-560036,"60 TEATIME FAIRY CAKE CASES,BREAD BIN DINER STYLE IVORY,BREAD BIN DINER STYLE RED,DOORMAT FANCY FONT HOME SWEET HOME,DOORMAT NEW ENGLAND,ENAMEL BREAD BIN CREAM,ENAMEL FLOWER JUG CREAM,GREEN REGENCY TEACUP AND SAUCER,JUMBO BAG ALPHABET,JUMBO BAG VINTAGE LEAF,PANTRY ROLLING PIN,PINK REGENCY TEACUP AND SAUCER,POPCORN HOLDER,REGENCY CAKESTAND 3 TIER,REGENCY TEA PLATE GREEN,REGENCY TEA PLATE PINK,REGENCY TEA PLATE ROSES,ROSES REGENCY TEACUP AND SAUCER,SET OF 3 CAKE TINS PANTRY DESIGN,SET OF 4 PANTRY JELLY MOULDS,SET OF 60 PANTRY DESIGN CAKE CASES,WHITE HANGING HEART T-LIGHT HOLDER"
UCI-EIRE-560041,"CARRIAGE,CLOTHES PEGS RETROSPOT PACK 24,IVORY KITCHEN SCALES,JAM MAKING SET WITH JARS,MINT KITCHEN SCALES,RED KITCHEN SCALES,REGENCY CAKESTAND 3 TIER"
UCI-EIRE-560283,"ALARM CLOCK BAKELIKE PINK,ASSORTED COLOUR BIRD ORNAMENT,ENAMEL FLOWER JUG CREAM,FAMILY ALBUM WHITE PICTURE FRAME,IVORY KITCHEN SCALES,PANTRY MAGNETIC SHOPPING LIST,PHOTO FRAME 3 CLASSIC HANGING"
UCI-EIRE-560300,"72 SWEETHEART FAIRY CAKE CASES,HOMEMADE JAM SCENTED CANDLES,PACK OF 60 DINOSAUR CAKE CASES,PACK OF 72 RETROSPOT CAKE CASES"
UCI-EIRE-560445,"BINGO SET,BLUE HARMONICA IN BOX,CHOCOLATE HOT WATER BOTTLE,CLOTHES PEGS RETROSPOT PACK 24,JAM MAKING SET WITH JARS,LUNCH BAG RED RETROSPOT,PANTRY ROLLING PIN,PARTY BUNTING,RED HARMONICA IN BOX,SET OF 3 REGENCY CAKE TINS,SET OF 4 PANTRY JELLY MOULDS,SET/5 RED RETROSPOT LID GLASS BOWLS,SPOTTY BUNTING,SWEETHEART RECIPE BOOK STAND"
UCI-EIRE-560451,"BREAD BIN DINER STYLE RED,GREEN REGENCY TEACUP AND SAUCER,HOMEMADE JAM SCENTED CANDLES,PANTRY ROLLING PIN,PINK REGENCY TEACUP AND SAUCER,RED KITCHEN SCALES,REGENCY CAKESTAND 3 TIER,REGENCY MILK JUG PINK,REGENCY SUGAR BOWL GREEN,REGENCY TEA PLATE GREEN,REGENCY TEA PLATE PINK,REGENCY TEA PLATE ROSES,REGENCY TEAPOT ROSES,ROSES REGENCY TEACUP AND SAUCER"
UCI-EIRE-560534,"4 TRADITIONAL SPINNING TOPS,CARRIAGE,DOORMAT FANCY FONT HOME SWEET HOME,JUMBO BAG VINTAGE LEAF,POPCORN HOLDER,RED HARMONICA IN BOX,SET OF 3 REGENCY CAKE TINS,VINTAGE SNAKES & LADDERS,VINTAGE SNAP CARDS"
UCI-EIRE-560894,"JUMBO BAG ALPHABET,JUMBO BAG VINTAGE LEAF,LUNCH BAG CARS BLUE,PARTY BUNTING,RETROSPOT TEA SET CERAMIC 11 PC"
UCI-EIRE-560922,"72 SWEETHEART FAIRY CAKE CASES,CARRIAGE"
UCI-EIRE-561471,"60 TEATIME FAIRY CAKE CASES,72 SWEETHEART FAIRY CAKE CASES,JAM MAKING SET WITH JARS,LUNCH BAG RED RETROSPOT,NATURAL SLATE HEART CHALKBOARD,PACK OF 72 RETROSPOT CAKE CASES,POPCORN HOLDER"
UCI-EIRE-561472,"PANTRY MAGNETIC SHOPPING LIST,SET OF 3 CAKE TINS PANTRY DESIGN,SET OF TEA COFFEE SUGAR TINS PANTRY"
UCI-EIRE-561631,"60 TEATIME FAIRY CAKE CASES,CARRIAGE,GINGERBREAD MAN COOKIE CUTTER,GREEN REGENCY TEACUP AND SAUCER,HANGING HEART JAR T-LIGHT HOLDER,JAM MAKING SET PRINTED,PACK OF 60 PINK PAISLEY CAKE CASES,PINK REGENCY TEACUP AND SAUCER,REGENCY CAKESTAND 3 TIER,REGENCY MILK JUG PINK,REGENCY SUGAR BOWL GREEN,REGENCY TEA PLATE GREEN,REGENCY TEA PLATE PINK,REGENCY TEA PLATE ROSES,ROSES REGENCY TEACUP AND SAUCER,SET OF 4 PANTRY JELLY MOULDS,SET OF 60 PANTRY DESIGN CAKE CASES"
UCI-EIRE-561645,"GREEN REGENCY TEACUP AND SAUCER,PACK OF 20 NAPKINS PANTRY DESIGN,PACK OF 60 PINK PAISLEY CAKE CASES,PANTRY ROLLING PIN,PINK REGENCY TEACUP AND SAUCER,REGENCY CAKESTAND 3 TIER,REGENCY MILK JUG PINK,REGENCY SUGAR BOWL GREEN,REGENCY TEA PLATE GREEN,REGENCY TEA PLATE PINK,REGENCY TEA PLATE ROSES,REGENCY TEAPOT ROSES,ROSES REGENCY TEACUP AND SAUCER,SET OF 20 VINTAGE CHRISTMAS NAPKINS,SET OF 60 PANTRY DESIGN CAKE CASES"
UCI-EIRE-561667,"ALARM CLOCK BAKELIKE PINK,ASSORTED COLOUR BIRD ORNAMENT,BAKING SET 9 PIECE RETROSPOT,BREAD BIN DINER STYLE IVORY,CARRIAGE,CLOTHES PEGS RETROSPOT PACK 24,ENAMEL BREAD BIN CREAM,FAMILY ALBUM WHITE PICTURE FRAME,PACK OF 20 NAPKINS PANTRY DESIGN,PHOTO FRAME 3 CLASSIC HANGING,SET OF 3 CAKE TINS PANTRY DESIGN,SET OF TEA COFFEE SUGAR TINS PANTRY"
UCI-EIRE-561798,"60 TEATIME FAIRY CAKE CASES,72 SWEETHEART FAIRY CAKE CASES,ALARM CLOCK BAKELIKE PINK,ALARM CLOCK BAKELIKE RED,GREEN REGENCY TEACUP AND SAUCER,PACK OF 60 PINK PAISLEY CAKE CASES,PACK OF 72 RETROSPOT CAKE CASES,PINK REGENCY TEACUP AND SAUCER,REGENCY CAKESTAND 3 TIER,ROSES REGENCY TEACUP AND SAUCER,SET OF 3 REGENCY CAKE TINS,WHITE HANGING HEART T-LIGHT HOLDER"
UCI-EIRE-561870,"60 TEATIME FAIRY CAKE CASES,72 SWEETHEART FAIRY CAKE CASES,ASSORTED COLOUR BIRD ORNAMENT,MINT KITCHEN SCALES,NATURAL SLATE HEART CHALKBOARD,PACK OF 60 DINOSAUR CAKE CASES,PACK OF 60 PINK PAISLEY CAKE CASES,PACK OF 72 RETROSPOT CAKE CASES,RED KITCHEN SCALES,REGENCY CAKESTAND 3 TIER,SET OF 3 CAKE TINS PANTRY DESIGN,SET OF TEA COFFEE SUGAR TINS PANTRY,SPOTTY BUNTING"
UCI-EIRE-561901,"JAM MAKING SET PRINTED,JAM MAKING SET WITH JARS,PACK OF 72 RETROSPOT CAKE CASES,RECIPE BOX PANTRY YELLOW DESIGN,SET/5 RED RETROSPOT LID GLASS BOWLS"
UCI-EIRE-562374,"GREEN REGENCY TEACUP AND SAUCER,PACK OF 20 NAPKINS PANTRY DESIGN,PACK OF 60 PINK PAISLEY CAKE CASES,PANTRY ROLLING PIN,PINK REGENCY TEACUP AND SAUCER,REGENCY CAKESTAND 3 TIER,REGENCY MILK JUG PINK,REGENCY SUGAR BOWL GREEN,REGENCY TEA PLATE GREEN,REGENCY TEA PLATE PINK,REGENCY TEA PLATE ROSES,REGENCY TEAPOT ROSES,ROSES REGENCY TEACUP AND SAUCER,SET OF 20 VINTAGE CHRISTMAS NAPKINS,SET OF 60 PANTRY DESIGN CAKE CASES"
UCI-EIRE-562560,"4 TRADITIONAL SPINNING TOPS,60 TEATIME FAIRY CAKE CASES,BINGO SET,BREAD BIN DINER STYLE IVORY,ENAMEL BREAD BIN CREAM,GINGERBREAD MAN COOKIE CUTTER,IVORY KITCHEN SCALES,JUMBO BAG ALPHABET,JUMBO BAG RED RETROSPOT,JUMBO BAG VINTAGE LEAF,LUNCH BAG CARS BLUE,MINT KITCHEN SCALES,PANTRY ROLLING PIN,RECIPE BOX PANTRY YELLOW DESIGN,RED KITCHEN SCALES,REGENCY CAKESTAND 3 TIER,REGENCY MILK JUG PINK,REGENCY TEA PLATE GREEN,REGENCY TEA PLATE PINK,SET OF 3 REGENCY CAKE TINS,SET OF 4 PANTRY JELLY MOULDS,SET OF 60 PANTRY DESIGN CAKE CASES,SET/5 RED RETROSPOT LID GLASS BOWLS,SPOTTY BUNTING,VINTAGE SNAP CARDS"
UCI-EIRE-562670,"72 SWEETHEART FAIRY CAKE CASES,ALARM CLOCK BAKELIKE PINK,ALARM CLOCK BAKELIKE RED,BAKING SET 9 PIECE RETROSPOT,BINGO SET,CLOTHES PEGS RETROSPOT PACK 24,FRENCH ENAMEL CANDLEHOLDER,HOLIDAY FUN LUDO,IVORY KITCHEN SCALES,JAM MAKING SET WITH JARS,MINT KITCHEN SCALES,PACK OF 20 NAPKINS PANTRY DESIGN,PACK OF 60 DINOSAUR CAKE CASES,PACK OF 72 RETROSPOT CAKE CASES,PHOTO FRAME 3 CLASSIC HANGING,REGENCY CAKESTAND 3 TIER,RETROSPOT TEA SET CERAMIC 11 PC,SET OF 3 REGENCY CAKE TINS,SET/20 RED RETROSPOT PAPER NAPKINS,SET/5 RED RETROSPOT LID GLASS BOWLS,VINTAGE SNAKES & LADDERS"
UCI-EIRE-562935,"JUMBO BAG ALPHABET,JUMBO BAG RED RETROSPOT,JUMBO BAG VINTAGE LEAF,REGENCY CAKESTAND 3 TIER,WHITE HANGING HEART T-LIGHT HOLDER"
UCI-EIRE-562960,"CARRIAGE,GINGERBREAD MAN COOKIE CUTTER,POPCORN HOLDER,RED HARMONICA IN BOX,VINTAGE SNAP CARDS"
UCI-EIRE-562973,"GINGERBREAD MAN COOKIE CUTTER,SET OF 3 BUTTERFLY COOKIE CUTTERS,VINTAGE SNAP CARDS,WOODEN SCHOOL COLOURING SET"
UCI-EIRE-563098,"60 TEATIME FAIRY CAKE CASES,ALARM CLOCK BAKELIKE RED,CHOCOLATE HOT WATER BOTTLE,DOORMAT FANCY FONT HOME SWEET HOME,DOORMAT NEW ENGLAND,IVORY KITCHEN SCALES,JAM MAKING SET WITH JARS,PACK OF 60 DINOSAUR CAKE CASES,PACK OF 60 PINK PAISLEY CAKE CASES,PACK OF 72 RETROSPOT CAKE CASES,PANTRY ROLLING PIN,RED KITCHEN SCALES,REGENCY TEA PLATE GREEN,REGENCY TEA PLATE PINK,REGENCY TEA PLATE ROSES,SET OF 3 REGENCY CAKE TINS,SET OF 60 PANTRY DESIGN CAKE CASES,SET/5 RED RETROSPOT LID GLASS BOWLS"
UCI-EIRE-563169,"DOORMAT FANCY FONT HOME SWEET HOME,DOORMAT NEW ENGLAND,GINGERBREAD MAN COOKIE CUTTER,GREEN REGENCY TEACUP AND SAUCER,JUMBO BAG ALPHABET,JUMBO BAG VINTAGE LEAF,PACK OF 20 NAPKINS PANTRY DESIGN,PACK OF 72 RETROSPOT CAKE CASES,PINK REGENCY TEACUP AND SAUCER,POPCORN HOLDER,ROSES REGENCY TEACUP AND SAUCER,SET OF 3 REGENCY CAKE TINS,SET OF 4 PANTRY JELLY MOULDS,SET OF 60 PANTRY DESIGN CAKE CASES,SET OF TEA COFFEE SUGAR TINS PANTRY,WHITE HANGING HEART T-LIGHT HOLDER"
UCI-EIRE-563355,"4 TRADITIONAL SPINNING TOPS,60 TEATIME FAIRY CAKE CASES,CARRIAGE,JUMBO BAG VINTAGE LEAF,PACK OF 20 NAPKINS PANTRY DESIGN,SET OF 3 REGENCY CAKE TINS,SET OF 60 PANTRY DESIGN CAKE CASES,VINTAGE SNAP CARDS"
UCI-EIRE-563547,"CARRIAGE,RETROSPOT TEA SET CERAMIC 11 PC"
UCI-EIRE-563558,"BREAD BIN DINER STYLE IVORY,DOORMAT FANCY FONT HOME SWEET HOME,LUNCH BAG CARS BLUE,LUNCH BAG RED RETROSPOT,REGENCY CAKESTAND 3 TIER,SET OF 3 CAKE TINS PANTRY DESIGN,SET OF 3 REGENCY CAKE TINS,SET OF TEA COFFEE SUGAR TINS PANTRY,SPOTTY BUNTING"
UCI-EIRE-563848,"60 TEATIME FAIRY CAKE CASES,FAMILY ALBUM WHITE PICTURE FRAME,IVORY KITCHEN SCALES,PANTRY ROLLING PIN,POPCORN HOLDER,RETROSPOT TEA SET CERAMIC 11 PC,SET OF TEA COFFEE SUGAR TINS PANTRY,SPOTTY BUNTING,WOODEN SCHOOL COLOURING SET"
UCI-EIRE-563913,"CARRIAGE,ENAMEL FLOWER JUG CREAM,JAM MAKING SET WITH JARS,JUMBO BAG RED RETROSPOT,JUMBO BAG VINTAGE LEAF,PHOTO FRAME CORNICE"
UCI-EIRE-564184,"60 TEATIME FAIRY CAKE CASES,72 SWEETHEART FAIRY CAKE CASES,JAM MAKING SET PRINTED,JUMBO BAG ALPHABET,PACK OF 60 PINK PAISLEY CAKE CASES,PACK OF 72 RETROSPOT CAKE CASES,REGENCY CAKESTAND 3 TIER,REGENCY TEA PLATE ROSES,ROSES REGENCY TEACUP AND SAUCER,SET OF 60 PANTRY DESIGN CAKE CASES,SWEETHEART RECIPE BOOK STAND"
UCI-EIRE-564565,"60 TEATIME FAIRY CAKE CASES,72 SWEETHEART FAIRY CAKE CASES,BINGO SET,CLOTHES PEGS RETROSPOT PACK 24,FRENCH ENAMEL CANDLEHOLDER,PACK OF 20 NAPKINS PANTRY DESIGN,PACK OF 60 DINOSAUR CAKE CASES,PACK OF 72 RETROSPOT CAKE CASES,PHOTO FRAME 3 CLASSIC HANGING,POPCORN HOLDER,REGENCY CAKESTAND 3 TIER,SET OF 3 REGENCY CAKE TINS,SET/20 RED RETROSPOT PAPER NAPKINS,SET/5 RED RETROSPOT LID GLASS BOWLS"
UCI-EIRE-565213,"BINGO SET,SET OF 20 VINTAGE CHRISTMAS NAPKINS,VINTAGE SNAP CARDS,WOODEN SCHOOL COLOURING SET"
UCI-EIRE-565214,"GREEN REGENCY TEACUP AND SAUCER,PANTRY ROLLING PIN,PINK REGENCY TEACUP AND SAUCER,REGENCY CAKESTAND 3 TIER,REGENCY SUGAR BOWL GREEN,REGENCY TEA PLATE GREEN,REGENCY TEA PLATE ROSES,REGENCY TEAPOT ROSES,ROSES REGENCY TEACUP AND SAUCER"
UCI-EIRE-565289,"GREEN REGENCY TEACUP AND SAUCER,PANTRY ROLLING PIN,PHOTO FRAME 3 CLASSIC HANGING,PINK REGENCY TEACUP AND SAUCER,REGENCY CAKESTAND 3 TIER,REGENCY SUGAR BOWL GREEN,REGENCY TEAPOT ROSES,ROSES REGENCY TEACUP AND SAUCER,SET OF 3 REGENCY CAKE TINS,SET OF TEA COFFEE SUGAR TINS PANTRY"
UCI-EIRE-565475,"60 TEATIME FAIRY CAKE CASES,72 SWEETHEART FAIRY CAKE CASES,ALARM CLOCK BAKELIKE RED,BLUE HARMONICA IN BOX,CHOCOLATE HOT WATER BOTTLE,CLOTHES PEGS RETROSPOT PACK 24,COOK WITH WINE METAL SIGN,DOORMAT FANCY FONT HOME SWEET HOME,HANGING HEART JAR T-LIGHT HOLDER,JAM MAKING SET WITH JARS,LUNCH BAG RED RETROSPOT,PACK OF 72 RETROSPOT CAKE CASES,PARTY BUNTING,RED HARMONICA IN BOX,SET OF 4 PANTRY JELLY MOULDS,SET/5 RED RETROSPOT LID GLASS BOWLS,SWEETHEART RECIPE BOOK STAND,VINTAGE SNAP CARDS"
UCI-EIRE-565748,"ASSORTED COLOUR BIRD ORNAMENT,BREAD BIN DINER STYLE IVORY,ENAMEL BREAD BIN CREAM,ENAMEL FLOWER JUG CREAM,FAMILY ALBUM WHITE PICTURE FRAME,FRENCH ENAMEL CANDLEHOLDER,GREEN REGENCY TEACUP AND SAUCER,IVORY KITCHEN SCALES,PINK REGENCY TEACUP AND SAUCER,RED KITCHEN SCALES,REGENCY CAKESTAND 3 TIER,REGENCY SUGAR BOWL GREEN,REGENCY TEA PLATE GREEN,REGENCY TEA PLATE PINK,REGENCY TEA PLATE ROSES,REGENCY TEAPOT ROSES,ROSES REGENCY TEACUP AND SAUCER,SET OF 3 REGENCY CAKE TINS,WHITE HANGING HEART T-LIGHT HOLDER,WOODEN SCHOOL COLOURING SET"
UCI-EIRE-565749,"PANTRY MAGNETIC SHOPPING LIST,SET OF TEA COFFEE SUGAR TINS PANTRY"
UCI-EIRE-565800,"CLOTHES PEGS RETROSPOT PACK 24,COOK WITH WINE METAL SIGN,HOLIDAY FUN LUDO,IVORY KITCHEN SCALES,MINT KITCHEN SCALES,PHOTO FRAME 3 CLASSIC HANGING,PLEASE ONE PERSON METAL SIGN,POPCORN HOLDER,RED KITCHEN SCALES,RETROSPOT TEA SET CERAMIC 11 PC,SET/5 RED RETROSPOT LID GLASS BOWLS,WHITE HANGING HEART T-LIGHT HOLDER"
UCI-EIRE-565851,"4 TRADITIONAL SPINNING TOPS,ASSORTED COLOUR BIRD ORNAMENT,CARRIAGE,REGENCY CAKESTAND 3 TIER,REGENCY SUGAR BOWL GREEN,VINTAGE SNAKES & LADDERS,VINTAGE SNAP CARDS"
UCI-EIRE-565857,"ASSORTED COLOUR BIRD ORNAMENT,BINGO SET,BLUE HARMONICA IN BOX,BREAD BIN DINER STYLE RED,CLOTHES PEGS RETROSPOT PACK 24,COOK WITH WINE METAL SIGN,HOLIDAY FUN LUDO,JUMBO BAG RED RETROSPOT,PACK OF 72 RETROSPOT CAKE CASES,PLEASE ONE PERSON METAL SIGN,POPCORN HOLDER,RED HARMONICA IN BOX,SET OF 3 REGENCY CAKE TINS,SET OF 4 PANTRY JELLY MOULDS,SET/20 RED RETROSPOT PAPER NAPKINS,SET/5 RED RETROSPOT LID GLASS BOWLS,SPOTTY BUNTING,WHITE HANGING HEART T-LIGHT HOLDER"
UCI-EIRE-565916,"CARRIAGE,FRENCH ENAMEL CANDLEHOLDER,GREEN REGENCY TEACUP AND SAUCER,PARTY BUNTING,PINK REGENCY TEACUP AND SAUCER,REGENCY MILK JUG PINK,REGENCY TEAPOT ROSES,ROSES REGENCY TEACUP AND SAUCER,SPOTTY BUNTING"
UCI-EIRE-565927,"ALARM CLOCK BAKELIKE PINK,ALARM CLOCK BAKELIKE RED,BAKING SET 9 PIECE RETROSPOT,DOORMAT NEW ENGLAND,ENAMEL FLOWER JUG CREAM,FRENCH ENAMEL CANDLEHOLDER,GINGERBREAD MAN COOKIE CUTTER,HOLIDAY FUN LUDO,JAM MAKING SET PRINTED,MINT KITCHEN SCALES,PANTRY MAGNETIC SHOPPING LIST,PHOTO FRAME 3 CLASSIC HANGING,SET OF 3 REGENCY CAKE TINS"
UCI-EIRE-565928,"ASSORTED COLOUR BIRD ORNAMENT,BAKING SET 9 PIECE RETROSPOT,BLUE HARMONICA IN BOX,BREAD BIN DINER STYLE IVORY,BREAD BIN DINER STYLE RED,CLOTHES PEGS RETROSPOT PACK 24,HANGING HEART JAR T-LIGHT HOLDER,JAM MAKING SET PRINTED,JAM MAKING SET WITH JARS,MINT KITCHEN SCALES,PACK OF 20 NAPKINS PANTRY DESIGN,PANTRY MAGNETIC SHOPPING LIST,PHOTO FRAME 3 CLASSIC HANGING,PLEASE ONE PERSON METAL SIGN,RECIPE BOX PANTRY YELLOW DESIGN,RED KITCHEN SCALES,REGENCY CAKESTAND 3 TIER,SET OF 3 CAKE TINS PANTRY DESIGN,SET OF TEA COFFEE SUGAR TINS PANTRY,SPOTTY BUNTING,VINTAGE SNAP CARDS,WHITE HANGING HEART T-LIGHT HOLDER,WOODEN SCHOOL COLOURING SET"
UCI-EIRE-566625,"ASSORTED COLOUR BIRD ORNAMENT,DOORMAT NEW ENGLAND,EDWARDIAN PARASOL NATURAL,WHITE HANGING HEART T-LIGHT HOLDER"
UCI-EIRE-566776,"4 TRADITIONAL SPINNING TOPS,CARRIAGE,DOORMAT FANCY FONT HOME SWEET HOME,JUMBO BAG VINTAGE LEAF,POPCORN HOLDER,RED HARMONICA IN BOX,SET OF 3 REGENCY CAKE TINS"
UCI-EIRE-566846,"CARRIAGE,COOK WITH WINE METAL SIGN,PLEASE ONE PERSON METAL SIGN"
UCI-EIRE-567334,"CHOCOLATE HOT WATER BOTTLE,JAM MAKING SET WITH JARS,JUMBO BAG ALPHABET,PARTY BUNTING,RECIPE BOX PANTRY YELLOW DESIGN,SPOTTY BUNTING,WOODEN SCHOOL COLOURING SET"
UCI-EIRE-567378,"BREAD BIN DINER STYLE IVORY,FRENCH ENAMEL CANDLEHOLDER,GREEN REGENCY TEACUP AND SAUCER,PACK OF 72 RETROSPOT CAKE CASES,PARTY BUNTING,PINK REGENCY TEACUP AND SAUCER,RED HANGING HEART T-LIGHT HOLDER,ROSES REGENCY TEACUP AND SAUCER,SET OF 60 PANTRY DESIGN CAKE CASES,SET/5 RED RETROSPOT LID GLASS BOWLS,WHITE HANGING HEART T-LIGHT HOLDER"
UCI-EIRE-567428,"CHOCOLATE HOT WATER BOTTLE,HANGING HEART JAR T-LIGHT HOLDER,HEART OF WICKER SMALL,NATURAL SLATE HEART CHALKBOARD,PARTY BUNTING,SPOTTY BUNTING,SWEETHEART RECIPE BOOK STAND"
UCI-EIRE-567616,"CARRIAGE,JAM MAKING SET PRINTED"
UCI-EIRE-567720,"CARRIAGE,PHOTO FRAME CORNICE,SWEETHEART RECIPE BOOK STAND"
UCI-EIRE-567899,"4 TRADITIONAL SPINNING TOPS,ASSORTED COLOUR BIRD ORNAMENT,ENAMEL BREAD BIN CREAM,PACK OF 60 DINOSAUR CAKE CASES,RETROSPOT TEA SET CERAMIC 11 PC,SET OF 3 REGENCY CAKE TINS,SET OF 4 PANTRY JELLY MOULDS"
UCI-EIRE-568048,"BAKING SET 9 PIECE RETROSPOT,CHOCOLATE HOT WATER BOTTLE,GREEN REGENCY TEACUP AND SAUCER,PANTRY MAGNETIC SHOPPING LIST,PINK REGENCY TEACUP AND SAUCER,POPCORN HOLDER,REGENCY CAKESTAND 3 TIER,REGENCY MILK JUG PINK,REGENCY SUGAR BOWL GREEN,REGENCY TEA PLATE GREEN,REGENCY TEA PLATE PINK,REGENCY TEA PLATE ROSES,REGENCY TEAPOT ROSES,RETROSPOT TEA SET CERAMIC 11 PC,ROSES REGENCY TEACUP AND SAUCER,SET OF 20 VINTAGE CHRISTMAS NAPKINS"
UCI-EIRE-568095,"IVORY KITCHEN SCALES,JAM MAKING SET PRINTED,MINT KITCHEN SCALES,PHOTO FRAME 3 CLASSIC HANGING,RED KITCHEN SCALES"
UCI-EIRE-568221,"72 SWEETHEART FAIRY CAKE CASES,CARRIAGE,SET OF 20 VINTAGE CHRISTMAS NAPKINS"
UCI-EIRE-568310,"COOK WITH WINE METAL SIGN,GREEN REGENCY TEACUP AND SAUCER,PANTRY MAGNETIC SHOPPING LIST,PINK REGENCY TEACUP AND SAUCER,RECIPE BOX PANTRY YELLOW DESIGN,REGENCY CAKESTAND 3 TIER,REGENCY MILK JUG PINK,REGENCY SUGAR BOWL GREEN,REGENCY TEA PLATE GREEN,REGENCY TEA PLATE PINK,REGENCY TEA PLATE ROSES,ROSES REGENCY TEACUP AND SAUCER,SET OF 3 CAKE TINS PANTRY DESIGN,SET OF 3 REGENCY CAKE TINS,VINTAGE SNAKES & LADDERS"
UCI-EIRE-568417,"ALARM CLOCK BAKELIKE PINK,ALARM CLOCK BAKELIKE RED"
UCI-EIRE-568654,"EDWARDIAN PARASOL NATURAL,GREEN REGENCY TEACUP AND SAUCER,PINK REGENCY TEACUP AND SAUCER,REGENCY MILK JUG PINK,REGENCY SUGAR BOWL GREEN,REGENCY TEAPOT ROSES,ROSES REGENCY TEACUP AND SAUCER"
UCI-EIRE-568698,"CARRIAGE,JUMBO BAG ALPHABET,WOODEN STAR CHRISTMAS SCANDINAVIAN"
UCI-EIRE-568706,"CARRIAGE,DOORMAT FANCY FONT HOME SWEET HOME,DOORMAT NEW ENGLAND,IVORY KITCHEN SCALES,JAM MAKING SET WITH JARS,PARTY BUNTING,PHOTO FRAME 3 CLASSIC HANGING,PHOTO FRAME CORNICE,REGENCY CAKESTAND 3 TIER,SET OF 3 REGENCY CAKE TINS"
UCI-EIRE-569010,"BINGO SET,BLUE HARMONICA IN BOX,CHOCOLATE HOT WATER BOTTLE,COOK WITH WINE METAL SIGN,DOORMAT FANCY FONT HOME SWEET HOME,PANTRY ROLLING PIN,RED HARMONICA IN BOX,SET OF 3 REGENCY CAKE TINS,SPOTTY BUNTING,SWEETHEART RECIPE BOOK STAND"
UCI-EIRE-569028,"CARRIAGE,WOODEN STAR CHRISTMAS SCANDINAVIAN"
UCI-EIRE-569739,"CARRIAGE,PHOTO FRAME CORNICE,RETROSPOT TEA SET CERAMIC 11 PC,SET OF 20 VINTAGE CHRISTMAS NAPKINS,WOODEN STAR CHRISTMAS SCANDINAVIAN"
UCI-EIRE-570016,"ASSORTED COLOUR BIRD ORNAMENT,BREAD BIN DINER STYLE IVORY,BREAD BIN DINER STYLE RED,DOORMAT FANCY FONT HOME SWEET HOME,ENAMEL FLOWER JUG CREAM,JAM MAKING SET PRINTED,JAM MAKING SET WITH JARS,NATURAL SLATE HEART CHALKBOARD,PARTY BUNTING,SET OF 4 PANTRY JELLY MOULDS,SPOTTY BUNTING,WHITE HANGING HEART T-LIGHT HOLDER"
UCI-EIRE-570388,"ALARM CLOCK BAKELIKE PINK,DOORMAT NEW ENGLAND,FAMILY ALBUM WHITE PICTURE FRAME,GREEN REGENCY TEACUP AND SAUCER,IVORY KITCHEN SCALES,JAM MAKING SET PRINTED,JAM MAKING SET WITH JARS,PACK OF 60 PINK PAISLEY CAKE CASES,PACK OF 72 RETROSPOT CAKE CASES,PINK REGENCY TEACUP AND SAUCER,RECIPE BOX PANTRY YELLOW DESIGN,REGENCY CAKESTAND 3 TIER,REGENCY TEA PLATE GREEN,REGENCY TEA PLATE PINK,REGENCY TEA PLATE ROSES,ROSES REGENCY TEACUP AND SAUCER,SET OF 3 BUTTERFLY COOKIE CUTTERS,SET OF 3 CAKE TINS PANTRY DESIGN,SET OF 3 REGENCY CAKE TINS,SET OF 4 PANTRY JELLY MOULDS,SET OF 60 PANTRY DESIGN CAKE CASES,SET OF TEA COFFEE SUGAR TINS PANTRY"
UCI-EIRE-570651,"CARRIAGE,SET OF 20 VINTAGE CHRISTMAS NAPKINS"
UCI-EIRE-570657,"COOK WITH WINE METAL SIGN,GINGERBREAD MAN COOKIE CUTTER,JAM MAKING SET PRINTED,JUMBO BAG ALPHABET,JUMBO BAG VINTAGE LEAF,LUNCH BAG CARS BLUE"
UCI-EIRE-570674,"HEART OF WICKER SMALL,RED HANGING HEART T-LIGHT HOLDER,WHITE HANGING HEART T-LIGHT HOLDER,WOODEN STAR CHRISTMAS SCANDINAVIAN"
UCI-EIRE-570694,"CARRIAGE,JAM MAKING SET PRINTED,RECIPE BOX PANTRY YELLOW DESIGN,SET OF 3 CAKE TINS PANTRY DESIGN"
UCI-EIRE-570700,"CARRIAGE,GREEN REGENCY TEACUP AND SAUCER,PINK REGENCY TEACUP AND SAUCER,REGENCY CAKESTAND 3 TIER,REGENCY MILK JUG PINK,REGENCY SUGAR BOWL GREEN,REGENCY TEA PLATE GREEN,REGENCY TEA PLATE PINK,REGENCY TEAPOT ROSES,ROSES REGENCY TEACUP AND SAUCER,SET OF 3 REGENCY CAKE TINS"
UCI-EIRE-570703,"60 TEATIME FAIRY CAKE CASES,BAKING SET 9 PIECE RETROSPOT,BINGO SET,CHOCOLATE HOT WATER BOTTLE,COOK WITH WINE METAL SIGN,FAMILY ALBUM WHITE PICTURE FRAME,FRENCH ENAMEL CANDLEHOLDER,PACK OF 60 DINOSAUR CAKE CASES,PLEASE ONE PERSON METAL SIGN,POPCORN HOLDER,RED KITCHEN SCALES,SET OF 3 BUTTERFLY COOKIE CUTTERS,SET OF 3 REGENCY CAKE TINS,VINTAGE SNAKES & LADDERS,VINTAGE SNAP CARDS"
UCI-EIRE-570839,"ENAMEL FLOWER JUG CREAM,HANGING HEART JAR T-LIGHT HOLDER,JUMBO BAG RED RETROSPOT,SET OF 20 VINTAGE CHRISTMAS NAPKINS"
UCI-EIRE-571314,"RED HANGING HEART T-LIGHT HOLDER,WHITE HANGING HEART T-LIGHT HOLDER"
UCI-EIRE-571377,"ALARM CLOCK BAKELIKE PINK,MINT KITCHEN SCALES,REGENCY CAKESTAND 3 TIER,ROSES REGENCY TEACUP AND SAUCER,SET OF 3 CAKE TINS PANTRY DESIGN"
UCI-EIRE-571409,"4 TRADITIONAL SPINNING TOPS,ASSORTED COLOUR BIRD ORNAMENT,BAKING SET 9 PIECE RETROSPOT,BINGO SET,HEART OF WICKER SMALL,NATURAL SLATE HEART CHALKBOARD,PARTY BUNTING,RED HARMONICA IN BOX,SPOTTY BUNTING,VINTAGE SNAKES & LADDERS,VINTAGE SNAP CARDS"
UCI-EIRE-571425,"4 TRADITIONAL SPINNING TOPS,BLUE HARMONICA IN BOX,BREAD BIN DINER STYLE IVORY,BREAD BIN DINER STYLE RED,CARRIAGE,IVORY KITCHEN SCALES,JAM MAKING SET PRINTED,PACK OF 20 NAPKINS PANTRY DESIGN,PANTRY MAGNETIC SHOPPING LIST,RED HARMONICA IN BOX,RED KITCHEN SCALES,SET OF 3 CAKE TINS PANTRY DESIGN,SET OF TEA COFFEE SUGAR TINS PANTRY,WHITE HANGING HEART T-LIGHT HOLDER,WOODEN SCHOOL COLOURING SET"
UCI-EIRE-571446,"GINGERBREAD MAN COOKIE CUTTER,PINK REGENCY TEACUP AND SAUCER,REGENCY CAKESTAND 3 TIER,REGENCY MILK JUG PINK,REGENCY SUGAR BOWL GREEN,REGENCY TEA PLATE GREEN,REGENCY TEA PLATE PINK,REGENCY TEA PLATE ROSES,REGENCY TEAPOT ROSES,ROSES REGENCY TEACUP AND SAUCER,SET OF 3 BUTTERFLY COOKIE CUTTERS"
UCI-EIRE-571559,"JAM MAKING SET WITH JARS,JUMBO BAG ALPHABET,JUMBO BAG VINTAGE LEAF,LUNCH BAG CARS BLUE,PACK OF 60 DINOSAUR CAKE CASES,PACK OF 72 RETROSPOT CAKE CASES,REGENCY CAKESTAND 3 TIER"
UCI-EIRE-571562,"LUNCH BAG CARS BLUE,LUNCH BAG RED RETROSPOT,RECIPE BOX PANTRY YELLOW DESIGN,SET OF 6 SPICE TINS PANTRY DESIGN,SWEETHEART RECIPE BOOK STAND"
UCI-EIRE-571745,"CHOCOLATE HOT WATER BOTTLE,CLOTHES PEGS RETROSPOT PACK 24,COOK WITH WINE METAL SIGN,DOORMAT NEW ENGLAND,GREEN REGENCY TEACUP AND SAUCER,JAM MAKING SET PRINTED,JAM MAKING SET WITH JARS,RECIPE BOX PANTRY YELLOW DESIGN,RED HARMONICA IN BOX,REGENCY MILK JUG PINK,REGENCY TEA PLATE GREEN,REGENCY TEA PLATE ROSES,SET OF 20 VINTAGE CHRISTMAS NAPKINS,SET OF 4 PANTRY JELLY MOULDS,SET OF 60 PANTRY DESIGN CAKE CASES"
UCI-EIRE-571937,"ENAMEL FLOWER JUG CREAM,HANGING HEART JAR T-LIGHT HOLDER,HEART OF WICKER SMALL,JUMBO BAG RED RETROSPOT,PINK REGENCY TEACUP AND SAUCER,REGENCY MILK JUG PINK,REGENCY SUGAR BOWL GREEN,REGENCY TEA PLATE PINK,REGENCY TEA PLATE ROSES,ROSES REGENCY TEACUP AND SAUCER,SET OF 3 REGENCY CAKE TINS,WOODEN STAR CHRISTMAS SCANDINAVIAN"
UCI-EIRE-572069,"BLUE HARMONICA IN BOX,CARRIAGE,CLOTHES PEGS RETROSPOT PACK 24,MINT KITCHEN SCALES,WOODEN STAR CHRISTMAS SCANDINAVIAN"
UCI-EIRE-572127,"CHOCOLATE HOT WATER BOTTLE,NATURAL SLATE HEART CHALKBOARD,PACK OF 72 RETROSPOT CAKE CASES,PARTY BUNTING,POPCORN HOLDER,REGENCY CAKESTAND 3 TIER"
UCI-EIRE-572459,"BAKING SET 9 PIECE RETROSPOT,CARRIAGE,JUMBO BAG ALPHABET,PHOTO FRAME CORNICE,WHITE HANGING HEART T-LIGHT HOLDER,WOODEN STAR CHRISTMAS SCANDINAVIAN"
UCI-EIRE-573581,"CARRIAGE,PACK OF 60 PINK PAISLEY CAKE CASES,PANTRY MAGNETIC SHOPPING LIST,POPCORN HOLDER,RECIPE BOX PANTRY YELLOW DESIGN,REGENCY CAKESTAND 3 TIER,SET OF 20 VINTAGE CHRISTMAS NAPKINS,SET OF 3 REGENCY CAKE TINS,SET OF 4 PANTRY JELLY MOULDS,SET OF 60 PANTRY DESIGN CAKE CASES"
UCI-EIRE-573748,"ASSORTED COLOUR BIRD ORNAMENT,FRENCH ENAMEL CANDLEHOLDER,HEART OF WICKER SMALL,POPCORN HOLDER,REGENCY CAKESTAND 3 TIER,REGENCY MILK JUG PINK,REGENCY SUGAR BOWL GREEN,REGENCY TEA PLATE GREEN,REGENCY TEA PLATE PINK,REGENCY TEA PLATE ROSES,SET OF 3 REGENCY CAKE TINS,VINTAGE SNAP CARDS"
UCI-EIRE-573892,"ALARM CLOCK BAKELIKE PINK,ALARM CLOCK BAKELIKE RED,BAKING SET 9 PIECE RETROSPOT,CHOCOLATE HOT WATER BOTTLE,CLOTHES PEGS RETROSPOT PACK 24,DOORMAT FANCY FONT HOME SWEET HOME,GREEN REGENCY TEACUP AND SAUCER,IVORY KITCHEN SCALES,PACK OF 20 NAPKINS PANTRY DESIGN,PANTRY MAGNETIC SHOPPING LIST,PINK REGENCY TEACUP AND SAUCER,POPCORN HOLDER,RED KITCHEN SCALES,REGENCY CAKESTAND 3 TIER,REGENCY MILK JUG PINK,RETROSPOT TEA SET CERAMIC 11 PC,ROSES REGENCY TEACUP AND SAUCER,SET/20 RED RETROSPOT PAPER NAPKINS,VINTAGE SNAKES & LADDERS"
UCI-EIRE-574745,"CARRIAGE,SET OF 20 VINTAGE CHRISTMAS NAPKINS,WOODEN STAR CHRISTMAS SCANDINAVIAN"
UCI-EIRE-574874,"CARRIAGE,WOODEN STAR CHRISTMAS SCANDINAVIAN"
UCI-EIRE-574938,"HEART OF WICKER SMALL,WHITE HANGING HEART T-LIGHT HOLDER"
UCI-EIRE-575486,"HANGING HEART JAR T-LIGHT HOLDER,WOODEN SCHOOL COLOURING SET"
UCI-EIRE-575728,"BAKING SET 9 PIECE RETROSPOT,EDWARDIAN PARASOL NATURAL,SET OF 6 SPICE TINS PANTRY DESIGN,SET/20 RED RETROSPOT PAPER NAPKINS,SET/5 RED RETROSPOT LID GLASS BOWLS"
UCI-EIRE-575735,"CARRIAGE,HEART OF WICKER SMALL,RED HANGING HEART T-LIGHT HOLDER,WHITE HANGING HEART T-LIGHT HOLDER"
UCI-EIRE-575751,"BAKING SET 9 PIECE RETROSPOT,BREAD BIN DINER STYLE RED,FRENCH ENAMEL CANDLEHOLDER,HEART OF WICKER SMALL,NATURAL SLATE HEART CHALKBOARD,RED HANGING HEART T-LIGHT HOLDER,SPOTTY BUNTING,SWEETHEART RECIPE BOOK STAND"
UCI-EIRE-575871,"CARRIAGE,CLOTHES PEGS RETROSPOT PACK 24,JUMBO BAG RED RETROSPOT,POPCORN HOLDER,VINTAGE SNAP CARDS"
UCI-EIRE-575933,"SET OF 20 VINTAGE CHRISTMAS NAPKINS,VINTAGE SNAP CARDS,WOODEN SCHOOL COLOURING SET"
UCI-EIRE-575973,"ASSORTED COLOUR BIRD ORNAMENT,BINGO SET,BREAD BIN DINER STYLE IVORY,BREAD BIN DINER STYLE RED,CLOTHES PEGS RETROSPOT PACK 24,ENAMEL BREAD BIN CREAM,FAMILY ALBUM WHITE PICTURE FRAME,PACK OF 20 NAPKINS PANTRY DESIGN,RECIPE BOX PANTRY YELLOW DESIGN,SET OF 60 PANTRY DESIGN CAKE CASES,VINTAGE SNAP CARDS"
UCI-EIRE-576051,"BAKING SET 9 PIECE RETROSPOT,GREEN REGENCY TEACUP AND SAUCER,HOMEMADE JAM SCENTED CANDLES,IVORY KITCHEN SCALES,JAM MAKING SET PRINTED,JAM MAKING SET WITH JARS,MINT KITCHEN SCALES,PACK OF 60 PINK PAISLEY CAKE CASES,PACK OF 72 RETROSPOT CAKE CASES,PANTRY ROLLING PIN,PINK REGENCY TEACUP AND SAUCER,REGENCY CAKESTAND 3 TIER,REGENCY TEA PLATE GREEN,REGENCY TEA PLATE PINK,REGENCY TEA PLATE ROSES,ROSES REGENCY TEACUP AND SAUCER,SET OF 3 CAKE TINS PANTRY DESIGN,SET OF 3 REGENCY CAKE TINS,SET OF 4 PANTRY JELLY MOULDS,SET OF 6 SPICE TINS PANTRY DESIGN,SET OF 60 PANTRY DESIGN CAKE CASES,SET OF TEA COFFEE SUGAR TINS PANTRY,SET/20 RED RETROSPOT PAPER NAPKINS,SWEETHEART RECIPE BOOK STAND"
UCI-EIRE-576141,"BAKING SET 9 PIECE RETROSPOT,CARRIAGE,SPOTTY BUNTING,WHITE HANGING HEART T-LIGHT HOLDER"
UCI-EIRE-576371,"CARRIAGE,WHITE HANGING HEART T-LIGHT HOLDER,WOODEN STAR CHRISTMAS SCANDINAVIAN"
UCI-EIRE-576595,"CARRIAGE,WHITE HANGING HEART T-LIGHT HOLDER,WOODEN STAR CHRISTMAS SCANDINAVIAN"
UCI-EIRE-576603,"BINGO SET,CARRIAGE,CHOCOLATE HOT WATER BOTTLE,DOORMAT NEW ENGLAND,HOLIDAY FUN LUDO,JUMBO BAG ALPHABET,VINTAGE SNAKES & LADDERS,VINTAGE SNAP CARDS"
UCI-EIRE-576653,"60 TEATIME FAIRY CAKE CASES,72 SWEETHEART FAIRY CAKE CASES,CHOCOLATE HOT WATER BOTTLE,JAM MAKING SET WITH JARS,PACK OF 60 PINK PAISLEY CAKE CASES,PARTY BUNTING,SET OF 4 PANTRY JELLY MOULDS,SET/5 RED RETROSPOT LID GLASS BOWLS,VINTAGE SNAP CARDS"
UCI-EIRE-576829,"CARRIAGE,RETROSPOT TEA SET CERAMIC 11 PC"
UCI-EIRE-576880,"BAKING SET 9 PIECE RETROSPOT,CARRIAGE"
UCI-EIRE-576899,"DOORMAT FANCY FONT HOME SWEET HOME,EDWARDIAN PARASOL NATURAL,GREEN REGENCY TEACUP AND SAUCER,IVORY KITCHEN SCALES,MINT KITCHEN SCALES,PACK OF 20 NAPKINS PANTRY DESIGN,PINK REGENCY TEACUP AND SAUCER,REGENCY CAKESTAND 3 TIER,REGENCY MILK JUG PINK,REGENCY SUGAR BOWL GREEN,ROSES REGENCY TEACUP AND SAUCER,SET OF 3 CAKE TINS PANTRY DESIGN,SET OF 3 REGENCY CAKE TINS,SET OF TEA COFFEE SUGAR TINS PANTRY"
UCI-EIRE-577061,"BLUE HARMONICA IN BOX,HOLIDAY FUN LUDO,RED HANGING HEART T-LIGHT HOLDER,WHITE HANGING HEART T-LIGHT HOLDER"
UCI-EIRE-577355,"BAKING SET 9 PIECE RETROSPOT,GREEN REGENCY TEACUP AND SAUCER,HOMEMADE JAM SCENTED CANDLES,PINK REGENCY TEACUP AND SAUCER,REGENCY CAKESTAND 3 TIER,REGENCY MILK JUG PINK,REGENCY SUGAR BOWL GREEN,REGENCY TEA PLATE GREEN,REGENCY TEA PLATE PINK,REGENCY TEA PLATE ROSES,REGENCY TEAPOT ROSES,RETROSPOT TEA SET CERAMIC 11 PC,ROSES REGENCY TEACUP AND SAUCER,SET OF 3 REGENCY CAKE TINS,WHITE HANGING HEART T-LIGHT HOLDER"
UCI-EIRE-577479,"BLUE HARMONICA IN BOX,HEART OF WICKER SMALL,LUNCH BAG RED RETROSPOT,PHOTO FRAME CORNICE,POPCORN HOLDER,SET/5 RED RETROSPOT LID GLASS BOWLS,WOODEN STAR CHRISTMAS SCANDINAVIAN"
UCI-EIRE-577613,"60 TEATIME FAIRY CAKE CASES,BAKING SET 9 PIECE RETROSPOT,DOORMAT FANCY FONT HOME SWEET HOME,PACK OF 60 PINK PAISLEY CAKE CASES,PACK OF 72 RETROSPOT CAKE CASES,PARTY BUNTING,SET OF 20 VINTAGE CHRISTMAS NAPKINS,SET/20 RED RETROSPOT PAPER NAPKINS,SPOTTY BUNTING,VINTAGE SNAKES & LADDERS"
UCI-EIRE-577850,"72 SWEETHEART FAIRY CAKE CASES,BREAD BIN DINER STYLE RED,GINGERBREAD MAN COOKIE CUTTER,MINT KITCHEN SCALES,PACK OF 72 RETROSPOT CAKE CASES,PANTRY ROLLING PIN,SET/20 RED RETROSPOT PAPER NAPKINS,WOODEN STAR CHRISTMAS SCANDINAVIAN"
UCI-EIRE-578054,"CARRIAGE,WHITE HANGING HEART T-LIGHT HOLDER"
UCI-EIRE-578093,"CARRIAGE,WOODEN STAR CHRISTMAS SCANDINAVIAN"
UCI-EIRE-578105,"CARRIAGE,JAM MAKING SET PRINTED,RECIPE BOX PANTRY YELLOW DESIGN"
UCI-EIRE-578331,"CARRIAGE,GREEN REGENCY TEACUP AND SAUCER,PINK REGENCY TEACUP AND SAUCER,REGENCY CAKESTAND 3 TIER,ROSES REGENCY TEACUP AND SAUCER,VINTAGE SNAP CARDS"
UCI-EIRE-578792,"CARRIAGE,JUMBO BAG ALPHABET,RED HANGING HEART T-LIGHT HOLDER"
UCI-EIRE-578994,"RECIPE BOX PANTRY YELLOW DESIGN,REGENCY CAKESTAND 3 TIER,RETROSPOT TEA SET CERAMIC 11 PC,ROSES REGENCY TEACUP AND SAUCER,SET OF 4 PANTRY JELLY MOULDS,SET/5 RED RETROSPOT LID GLASS BOWLS"
UCI-EIRE-579069,"BINGO SET,CLOTHES PEGS RETROSPOT PACK 24,GINGERBREAD MAN COOKIE CUTTER,RETROSPOT TEA SET CERAMIC 11 PC,VINTAGE SNAKES & LADDERS,VINTAGE SNAP CARDS"
UCI-EIRE-579102,"4 TRADITIONAL SPINNING TOPS,FRENCH ENAMEL CANDLEHOLDER,GREEN REGENCY TEACUP AND SAUCER,HOLIDAY FUN LUDO,PANTRY MAGNETIC SHOPPING LIST,POPCORN HOLDER,REGENCY CAKESTAND 3 TIER,REGENCY SUGAR BOWL GREEN,REGENCY TEAPOT ROSES,ROSES REGENCY TEACUP AND SAUCER,SET OF 3 REGENCY CAKE TINS,SWEETHEART RECIPE BOOK STAND,VINTAGE SNAP CARDS"
UCI-EIRE-579539,"CARRIAGE,GREEN REGENCY TEACUP AND SAUCER,PINK REGENCY TEACUP AND SAUCER,REGENCY MILK JUG PINK,REGENCY SUGAR BOWL GREEN,REGENCY TEA PLATE PINK,REGENCY TEAPOT ROSES,ROSES REGENCY TEACUP AND SAUCER"
UCI-EIRE-579553,"BLUE HARMONICA IN BOX,NATURAL SLATE HEART CHALKBOARD,RED HANGING HEART T-LIGHT HOLDER,RETROSPOT TEA SET CERAMIC 11 PC,WHITE HANGING HEART T-LIGHT HOLDER"
UCI-EIRE-579768,"CARRIAGE,WOODEN SCHOOL COLOURING SET"
UCI-EIRE-579910,"CARRIAGE,PACK OF 72 RETROSPOT CAKE CASES,PHOTO FRAME CORNICE,REGENCY CAKESTAND 3 TIER"
UCI-EIRE-580124,"BAKING SET 9 PIECE RETROSPOT,CARRIAGE,RETROSPOT TEA SET CERAMIC 11 PC"
UCI-EIRE-580127,"BLUE HARMONICA IN BOX,CARRIAGE,SET OF 20 VINTAGE CHRISTMAS NAPKINS,VINTAGE SNAP CARDS"
UCI-EIRE-580528,"SET OF 20 VINTAGE CHRISTMAS NAPKINS,WOODEN STAR CHRISTMAS SCANDINAVIAN"
UCI-EIRE-580555,"CARRIAGE,RED HANGING HEART T-LIGHT HOLDER,WHITE HANGING HEART T-LIGHT HOLDER"
UCI-EIRE-580557,"FAMILY ALBUM WHITE PICTURE FRAME,PHOTO FRAME CORNICE"
UCI-EIRE-581003,"72 SWEETHEART FAIRY CAKE CASES,ALARM CLOCK BAKELIKE PINK,ALARM CLOCK BAKELIKE RED,BAKING SET 9 PIECE RETROSPOT,CHOCOLATE HOT WATER BOTTLE,CLOTHES PEGS RETROSPOT PACK 24,COOK WITH WINE METAL SIGN,DOORMAT FANCY FONT HOME SWEET HOME,FRENCH ENAMEL CANDLEHOLDER,HOLIDAY FUN LUDO,PACK OF 60 DINOSAUR CAKE CASES,PANTRY MAGNETIC SHOPPING LIST,PLEASE ONE PERSON METAL SIGN,POPCORN HOLDER,RETROSPOT TEA SET CERAMIC 11 PC,VINTAGE SNAKES & LADDERS,VINTAGE SNAP CARDS"
UCI-EIRE-581006,"60 TEATIME FAIRY CAKE CASES,BREAD BIN DINER STYLE RED,CHOCOLATE HOT WATER BOTTLE,ENAMEL BREAD BIN CREAM,GINGERBREAD MAN COOKIE CUTTER,GREEN REGENCY TEACUP AND SAUCER,JUMBO BAG VINTAGE LEAF,PACK OF 72 RETROSPOT CAKE CASES,PLEASE ONE PERSON METAL SIGN,POPCORN HOLDER,RED HANGING HEART T-LIGHT HOLDER,REGENCY TEA PLATE ROSES,ROSES REGENCY TEACUP AND SAUCER,SET OF 3 CAKE TINS PANTRY DESIGN,SET OF 60 PANTRY DESIGN CAKE CASES,SET/5 RED RETROSPOT LID GLASS BOWLS,WHITE HANGING HEART T-LIGHT HOLDER"
UCI-EIRE-581098,"IVORY KITCHEN SCALES,NATURAL SLATE HEART CHALKBOARD,RED KITCHEN SCALES,REGENCY CAKESTAND 3 TIER"
UCI-EIRE-581433,"DOORMAT NEW ENGLAND,FAMILY ALBUM WHITE PICTURE FRAME,GREEN REGENCY TEACUP AND SAUCER,JAM MAKING SET WITH JARS,PHOTO FRAME 3 CLASSIC HANGING,PHOTO FRAME CORNICE,PINK REGENCY TEACUP AND SAUCER,ROSES REGENCY TEACUP AND SAUCER"
