transaction_id,items
UCI-FRANCE-536370,"ALARM CLOCK BAKELIKE GREEN,ALARM CLOCK BAKELIKE PINK,ALARM CLOCK BAKELIKE RED,CHARLOTTE BAG DOLLY GIRL DESIGN,CIRCUS PARADE LUNCH BOX,LUNCH BOX I LOVE LONDON,MINI PAINT SET VINTAGE,RED TOADSTOOL LED NIGHT LIGHT,ROUND SNACK BOXES SET OF4 WOODLAND,SPACEBOY LUNCH BOX"
UCI-FRANCE-536974,"ASSORTED COLOUR MINI CASES,LUNCH BAG RED RETROSPOT,LUNCH BAG WOODLAND,LUNCH BOX I LOVE LONDON,LUNCH BOX WITH CUTLERY RETROSPOT,POPPY'S PLAYHOUSE KITCHEN,RED HARMONICA IN BOX,RED RETROSPOT MINI CASES,TEA PARTY BIRTHDAY CARD"
UCI-FRANCE-537065,"ALARM CLOCK BAKELIKE GREEN,ALARM CLOCK BAKELIKE PINK,ALARM CLOCK BAKELIKE RED,ASSORTED COLOUR MINI CASES,GUMBALL COAT RACK,LUNCH BAG RED RETROSPOT,LUNCH BAG WOODLAND,LUNCH BOX WITH CUTLERY RETROSPOT,PARTY BUNTING,PLASTERS IN TIN SPACEBOY,PLASTERS IN TIN WOODLAND ANIMALS,RED RETROSPOT MINI CASES,REGENCY CAKESTAND 3 TIER,ROUND SNACK BOXES SET OF4 WOODLAND,SET/10 RED POLKADOT PARTY CANDLES,STRAWBERRY LUNCH BOX WITH CUTLERY"
UCI-FRANCE-537463,"GUMBALL COAT RACK,JAM MAKING SET PRINTED,LUNCH BOX WITH CUTLERY RETROSPOT,PACK OF 20 NAPKINS RED APPLES,PACK OF 72 RETROSPOT CAKE CASES,PLASTERS IN TIN WOODLAND ANIMALS,RED RETROSPOT CHILDRENS UMBRELLA,RED RETROSPOT CUP,RED TOADSTOOL LED NIGHT LIGHT,ROUND SNACK BOXES SET OF4 WOODLAND,SET OF 2 TEA TOWELS APPLE AND PEARS,SET/10 RED POLKADOT PARTY CANDLES,STRAWBERRY LUNCH BOX WITH CUTLERY,TABLECLOTH RED APPLES DESIGN,TEA PARTY BIRTHDAY CARD,WOODLAND CHARLOTTE BAG"
UCI-FRANCE-537468,"LUNCH BAG RED RETROSPOT,LUNCH BAG SPACEBOY DESIGN,LUNCH BAG SUKI DESIGN,POPPY'S PLAYHOUSE KITCHEN"
UCI-FRANCE-537897,"CHARLOTTE BAG DOLLY GIRL DESIGN,RED TOADSTOOL LED NIGHT LIGHT"
UCI-FRANCE-538008,"CHILDREN'S APRON DOLLY GIRL,CIRCUS PARADE CHILDRENS EGG CUP,DOLLY GIRL LUNCH BOX,LUNCH BOX WITH CUTLERY RETROSPOT,PACK OF 20 NAPKINS RED APPLES,RED RETROSPOT CAKE STAND,RETROSPOT PARTY BAG + STICKER SET,SET OF 2 TEA TOWELS APPLE AND PEARS,SET OF 9 BLACK SKULL BALLOONS,SET OF 9 HEART SHAPED BALLOONS,SET/10 RED POLKADOT PARTY CANDLES,SET/6 RED SPOTTY PAPER CUPS,SET/6 RED SPOTTY PAPER PLATES,STRAWBERRY LUNCH BOX WITH CUTLERY,TABLECLOTH RED APPLES DESIGN"
UCI-FRANCE-538093,"4 TRADITIONAL SPINNING TOPS,ASSORTED COLOUR MINI CASES,JAM MAKING SET PRINTED,JUMBO BAG SPACEBOY DESIGN,LUNCH BAG RED RETROSPOT,LUNCH BAG SPACEBOY DESIGN,LUNCH BAG SUKI DESIGN,LUNCH BAG WOODLAND,PLASTERS IN TIN CIRCUS PARADE,PLASTERS IN TIN SPACEBOY,PLASTERS IN TIN WOODLAND ANIMALS,RED RETROSPOT MINI CASES,RED TOADSTOOL LED NIGHT LIGHT,SKULL LUNCH BOX WITH CUTLERY,STRAWBERRY LUNCH BOX WITH CUTLERY"
UCI-FRANCE-538196,"BLUE HARMONICA IN BOX,LUNCH BAG RED RETROSPOT,RED HARMONICA IN BOX,RED RETROSPOT CHILDRENS UMBRELLA"
UCI-FRANCE-539050,"CIRCUS PARADE LUNCH BOX,SET OF 9 HEART SHAPED BALLOONS"
UCI-FRANCE-539407,"BLUE HARMONICA IN BOX,MINI PAINT SET VINTAGE,RETROSPOT PARTY BAG + STICKER SET"
UCI-FRANCE-539435,"RED RETROSPOT MINI CASES,RED TOADSTOOL LED NIGHT LIGHT,ROUND SNACK BOXES SET OF4 WOODLAND"
UCI-FRANCE-539551,"LUNCH BAG WOODLAND,RED RETROSPOT CHILDRENS UMBRELLA,RED TOADSTOOL LED NIGHT LIGHT,RETROSPOT PARTY BAG + STICKER SET"
UCI-FRANCE-539607,"CHARLOTTE BAG PINK POLKADOT,CIRCUS PARADE CHILDRENS EGG CUP,COFFEE MUG APPLES DESIGN,JAM MAKING SET PRINTED,LUNCH BOX WITH CUTLERY RETROSPOT,PACK OF 6 SKULL PAPER CUPS,PLASTERS IN TIN CIRCUS PARADE,PLASTERS IN TIN STRONGMAN,PLASTERS IN TIN WOODLAND ANIMALS,RED RETROSPOT MINI CASES,RED TOADSTOOL LED NIGHT LIGHT,SET OF 2 TEA TOWELS APPLE AND PEARS,SET/20 RED RETROSPOT PAPER NAPKINS,SET/6 RED SPOTTY PAPER CUPS,SPACEBOY BIRTHDAY CARD,STRAWBERRY LUNCH BOX WITH CUTLERY"
UCI-FRANCE-540178,"4 TRADITIONAL SPINNING TOPS,GUMBALL COAT RACK,JAM MAKING SET PRINTED,LUNCH BOX WITH CUTLERY RETROSPOT,PACK OF 72 RETROSPOT CAKE CASES,PLASTERS IN TIN CIRCUS PARADE,PLASTERS IN TIN WOODLAND ANIMALS,RED RETROSPOT CHILDRENS UMBRELLA,RED RETROSPOT CUP,SET OF 2 TEA TOWELS APPLE AND PEARS,SET/6 RED SPOTTY PAPER CUPS,TABLECLOTH RED APPLES DESIGN,TEA PARTY BIRTHDAY CARD"
UCI-FRANCE-540239,"ASSORTED COLOUR MINI CASES,CIRCUS PARADE CHILDRENS EGG CUP,JAM MAKING SET PRINTED,LUNCH BOX WITH CUTLERY RETROSPOT,PAPER BUNTING RETROSPOT,PLASTERS IN TIN CIRCUS PARADE,PLASTERS IN TIN SPACEBOY,PLASTERS IN TIN WOODLAND ANIMALS,RED HARMONICA IN BOX,RED RETROSPOT MINI CASES,REGENCY CAKESTAND 3 TIER,RETROSPOT PARTY BAG + STICKER SET,ROUND SNACK BOXES SET OF 4 FRUITS,ROUND SNACK BOXES SET OF4 WOODLAND,SET OF 2 TEA TOWELS APPLE AND PEARS,SET OF 9 HEART SHAPED BALLOONS,STRAWBERRY LUNCH BOX WITH CUTLERY,TEA PARTY BIRTHDAY CARD"
UCI-FRANCE-540351,"LUNCH BAG RED RETROSPOT,PACK OF 72 RETROSPOT CAKE CASES,PLASTERS IN TIN SPACEBOY"
UCI-FRANCE-540365,"BAKING SET 9 PIECE RETROSPOT,CHARLOTTE BAG PINK POLKADOT,JUMBO BAG RED RETROSPOT,POPPY'S PLAYHOUSE KITCHEN,RED RETROSPOT CHARLOTTE BAG,RED RETROSPOT MINI CASES,RED RETROSPOT PICNIC BAG,ROUND SNACK BOXES SET OF4 WOODLAND,SET/20 RED RETROSPOT PAPER NAPKINS,SET/6 RED SPOTTY PAPER CUPS,SET/6 RED SPOTTY PAPER PLATES"
UCI-FRANCE-540455,"ALARM CLOCK BAKELIKE GREEN,ALARM CLOCK BAKELIKE PINK,ALARM CLOCK BAKELIKE RED,CHILDRENS APRON SPACEBOY DESIGN,PLASTERS IN TIN CIRCUS PARADE,PLASTERS IN TIN SPACEBOY,PLASTERS IN TIN STRONGMAN,RED RETROSPOT MINI CASES,RED TOADSTOOL LED NIGHT LIGHT,RETROSPOT PARTY BAG + STICKER SET,ROUND SNACK BOXES SET OF4 WOODLAND,SET/10 RED POLKADOT PARTY CANDLES,SET/20 RED RETROSPOT PAPER NAPKINS,SET/6 RED SPOTTY PAPER CUPS,SET/6 RED SPOTTY PAPER PLATES,WOODLAND CHARLOTTE BAG"
UCI-FRANCE-540463,"BAKING SET 9 PIECE RETROSPOT,GUMBALL COAT RACK,PAPER BUNTING RETROSPOT,PLASTERS IN TIN CIRCUS PARADE,RED RETROSPOT CAKE STAND,RED RETROSPOT MINI CASES,RETROSPOT TEA SET CERAMIC 11 PC,TEA PARTY BIRTHDAY CARD"
UCI-FRANCE-540521,"BAKING SET 9 PIECE RETROSPOT,SET/20 RED RETROSPOT PAPER NAPKINS"
UCI-FRANCE-540642,"ALARM CLOCK BAKELIKE GREEN,ALARM CLOCK BAKELIKE PINK,ALARM CLOCK BAKELIKE RED,BAKING SET 9 PIECE RETROSPOT,CHARLOTTE BAG DOLLY GIRL DESIGN,CIRCUS PARADE CHILDRENS EGG CUP,CIRCUS PARADE LUNCH BOX,GUMBALL COAT RACK,JUMBO BAG RED RETROSPOT,JUMBO BAG SPACEBOY DESIGN,PARTY BUNTING,PLASTERS IN TIN CIRCUS PARADE,PLASTERS IN TIN SKULLS,PLASTERS IN TIN SPACEBOY,PLASTERS IN TIN STRONGMAN,PLASTERS IN TIN WOODLAND ANIMALS,RED RETROSPOT MINI CASES,RED TOADSTOOL LED NIGHT LIGHT,REGENCY CAKESTAND 3 TIER,RETROSPOT TEA SET CERAMIC 11 PC,SPACEBOY LUNCH BOX,STRAWBERRY LUNCH BOX WITH CUTLERY,WATERING CAN PINK BUNNY"
UCI-FRANCE-540824,"PLASTERS IN TIN CIRCUS PARADE,RED TOADSTOOL LED NIGHT LIGHT,REGENCY CAKESTAND 3 TIER,TEA PARTY BIRTHDAY CARD"
UCI-FRANCE-540835,"CHARLOTTE BAG DOLLY GIRL DESIGN,LUNCH BAG DOLLY GIRL DESIGN,LUNCH BAG RED RETROSPOT,LUNCH BAG SPACEBOY DESIGN,LUNCH BAG SUKI DESIGN,LUNCH BAG WOODLAND,WOODLAND CHARLOTTE BAG"
UCI-FRANCE-540972,"PACK OF 6 SKULL PAPER CUPS,PACK OF 6 SKULL PAPER PLATES,RED RETROSPOT CAKE STAND"
UCI-FRANCE-540976,"BAKING SET 9 PIECE RETROSPOT,LUNCH BAG DOLLY GIRL DESIGN,LUNCH BOX I LOVE LONDON,PACK OF 72 RETROSPOT CAKE CASES,PLASTERS IN TIN SPACEBOY,PLASTERS IN TIN WOODLAND ANIMALS,RED RETROSPOT CHARLOTTE BAG,RED TOADSTOOL LED NIGHT LIGHT,RETROSPOT TEA SET CERAMIC 11 PC,WOODLAND CHARLOTTE BAG"
UCI-FRANCE-541120,"CHARLOTTE BAG PINK POLKADOT,CIRCUS PARADE CHILDRENS EGG CUP,CIRCUS PARADE LUNCH BOX,COFFEE MUG APPLES DESIGN,JUMBO BAG RED RETROSPOT,JUMBO BAG SPACEBOY DESIGN,LUNCH BAG RED RETROSPOT,LUNCH BOX I LOVE LONDON,LUNCH BOX WITH CUTLERY RETROSPOT,PACK OF 20 NAPKINS RED APPLES,PAPER BUNTING RETROSPOT,PLASTERS IN TIN CIRCUS PARADE,PLASTERS IN TIN SPACEBOY,RED HARMONICA IN BOX,RED RETROSPOT CHARLOTTE BAG,RED RETROSPOT CUP,RED RETROSPOT MINI CASES,RED TOADSTOOL LED NIGHT LIGHT,RETROSPOT CHILDRENS APRON,SET OF 2 TEA TOWELS APPLE AND PEARS,SET/20 RED RETROSPOT PAPER NAPKINS,TABLECLOTH RED APPLES DESIGN"
UCI-FRANCE-541121,"ASSORTED COLOUR MINI CASES,JUMBO BAG RED RETROSPOT,RED RETROSPOT MINI CASES"
UCI-FRANCE-541138,"BAKING SET 9 PIECE RETROSPOT,JUMBO BAG RED RETROSPOT,JUMBO BAG SPACEBOY DESIGN,JUMBO BAG WOODLAND ANIMALS,LUNCH BAG RED RETROSPOT,MINI PAINT SET VINTAGE,PLASTERS IN TIN CIRCUS PARADE,PLASTERS IN TIN SKULLS,PLASTERS IN TIN WOODLAND ANIMALS,POPPY'S PLAYHOUSE KITCHEN,RED RETROSPOT CHILDRENS UMBRELLA,RED TOADSTOOL LED NIGHT LIGHT,SPACEBOY BIRTHDAY CARD"
UCI-FRANCE-541405,"CIRCUS PARADE LUNCH BOX,COFFEE MUG APPLES DESIGN,RED RETROSPOT CAKE STAND,REGENCY CAKESTAND 3 TIER,ROUND SNACK BOXES SET OF 4 FRUITS,SET OF 2 TEA TOWELS APPLE AND PEARS,SPACEBOY LUNCH BOX"
UCI-FRANCE-541567,"CHARLOTTE BAG PINK POLKADOT,LUNCH BOX I LOVE LONDON,PACK OF 20 NAPKINS RED APPLES,PLASTERS IN TIN STRONGMAN,RED RETROSPOT CHARLOTTE BAG,RED RETROSPOT CUP,RED RETROSPOT MINI CASES,RED TOADSTOOL LED NIGHT LIGHT,SET OF 2 TEA TOWELS APPLE AND PEARS,SET OF 9 BLACK SKULL BALLOONS,SET OF 9 HEART SHAPED BALLOONS,TABLECLOTH RED APPLES DESIGN,WOODLAND CHARLOTTE BAG"
UCI-FRANCE-541631,"ALARM CLOCK BAKELIKE GREEN,ALARM CLOCK BAKELIKE PINK,ALARM CLOCK BAKELIKE RED,CHILDRENS APRON SPACEBOY DESIGN,COFFEE MUG APPLES DESIGN,DOLLY GIRL LUNCH BOX,LUNCH BAG SPACEBOY DESIGN,LUNCH BAG SUKI DESIGN,LUNCH BAG WOODLAND,LUNCH BOX WITH CUTLERY RETROSPOT,PACK OF 6 SKULL PAPER CUPS,PACK OF 6 SKULL PAPER PLATES,PLASTERS IN TIN CIRCUS PARADE,PLASTERS IN TIN SPACEBOY,PLASTERS IN TIN STRONGMAN,PLASTERS IN TIN WOODLAND ANIMALS,RED HARMONICA IN BOX,RED RETROSPOT CHILDRENS UMBRELLA,ROUND SNACK BOXES SET OF4 WOODLAND,SET OF 9 BLACK SKULL BALLOONS,SET/10 RED POLKADOT PARTY CANDLES,SET/6 RED SPOTTY PAPER CUPS,SET/6 RED SPOTTY PAPER PLATES,SKULL LUNCH BOX WITH CUTLERY,SPACEBOY BIRTHDAY CARD,SPACEBOY LUNCH BOX,STRAWBERRY LUNCH BOX WITH CUTLERY"
UCI-FRANCE-541981,"LUNCH BOX WITH CUTLERY RETROSPOT,RED RETROSPOT MINI CASES,RETROSPOT PARTY BAG + STICKER SET,SET/6 RED SPOTTY PAPER CUPS,SET/6 RED SPOTTY PAPER PLATES"
UCI-FRANCE-542433,"MINI PAINT SET VINTAGE,PACK OF 20 NAPKINS RED APPLES,SET/20 RED RETROSPOT PAPER NAPKINS,SET/6 RED SPOTTY PAPER CUPS,SET/6 RED SPOTTY PAPER PLATES"
UCI-FRANCE-542535,"4 TRADITIONAL SPINNING TOPS,CHARLOTTE BAG DOLLY GIRL DESIGN,CHARLOTTE BAG PINK POLKADOT,RED RETROSPOT MINI CASES,RETROSPOT TEA SET CERAMIC 11 PC,WOODLAND CHARLOTTE BAG"
UCI-FRANCE-542629,"4 TRADITIONAL SPINNING TOPS,BLUE HARMONICA IN BOX,CHILDREN'S APRON DOLLY GIRL,CHILDRENS APRON SPACEBOY DESIGN,DOLLY GIRL LUNCH BOX,LUNCH BAG DOLLY GIRL DESIGN,LUNCH BAG RED RETROSPOT,LUNCH BOX WITH CUTLERY RETROSPOT,MINI PAINT SET VINTAGE,PLASTERS IN TIN SPACEBOY,PLASTERS IN TIN WOODLAND ANIMALS,POPPY'S PLAYHOUSE KITCHEN,RED HARMONICA IN BOX,RED RETROSPOT CHILDRENS UMBRELLA,RETROSPOT CHILDRENS APRON,RETROSPOT TEA SET CERAMIC 11 PC,SPACEBOY BIRTHDAY CARD,SPACEBOY LUNCH BOX"
UCI-FRANCE-542735,"4 TRADITIONAL SPINNING TOPS,CIRCUS PARADE CHILDRENS EGG CUP,CIRCUS PARADE LUNCH BOX,GUMBALL COAT RACK,RED RETROSPOT CUP,RED RETROSPOT MINI CASES,RED TOADSTOOL LED NIGHT LIGHT,SET/10 RED POLKADOT PARTY CANDLES,TEA PARTY BIRTHDAY CARD"
UCI-FRANCE-542904,"DOLLY GIRL LUNCH BOX,JAM MAKING SET PRINTED,JUMBO BAG WOODLAND ANIMALS,LUNCH BAG SUKI DESIGN,LUNCH BOX WITH CUTLERY RETROSPOT,RED RETROSPOT PICNIC BAG,RED TOADSTOOL LED NIGHT LIGHT,REGENCY CAKESTAND 3 TIER,TABLECLOTH RED APPLES DESIGN"
UCI-FRANCE-542922,"CIRCUS PARADE CHILDRENS EGG CUP,LUNCH BAG RED RETROSPOT,LUNCH BOX WITH CUTLERY RETROSPOT,PLASTERS IN TIN CIRCUS PARADE,PLASTERS IN TIN SPACEBOY,PLASTERS IN TIN WOODLAND ANIMALS,RED RETROSPOT MINI CASES,REGENCY CAKESTAND 3 TIER,ROUND SNACK BOXES SET OF 4 FRUITS,SKULL LUNCH BOX WITH CUTLERY,STRAWBERRY LUNCH BOX WITH CUTLERY"
UCI-FRANCE-543030,"CHARLOTTE BAG PINK POLKADOT,SET OF 9 BLACK SKULL BALLOONS,SET/6 RED SPOTTY PAPER CUPS,SET/6 RED SPOTTY PAPER PLATES,TEA PARTY BIRTHDAY CARD"
UCI-FRANCE-543188,"4 TRADITIONAL SPINNING TOPS,ALARM CLOCK BAKELIKE GREEN,ALARM CLOCK BAKELIKE PINK,ALARM CLOCK BAKELIKE RED,BAKING SET 9 PIECE RETROSPOT,BLUE HARMONICA IN BOX,CHILDRENS APRON SPACEBOY DESIGN,COFFEE MUG APPLES DESIGN,JAM MAKING SET PRINTED,LUNCH BAG DOLLY GIRL DESIGN,LUNCH BAG RED RETROSPOT,LUNCH BAG SPACEBOY DESIGN,LUNCH BAG WOODLAND,MINI PAINT SET VINTAGE,PACK OF 72 RETROSPOT CAKE CASES,PAPER BUNTING RETROSPOT,RED HARMONICA IN BOX,RED RETROSPOT CHILDRENS UMBRELLA,RED RETROSPOT PICNIC BAG,RED TOADSTOOL LED NIGHT LIGHT,RETROSPOT CHILDRENS APRON,SET/20 RED RETROSPOT PAPER NAPKINS,SET/6 RED SPOTTY PAPER CUPS,SET/6 RED SPOTTY PAPER PLATES,SMALL RED RETROSPOT WINDMILL,STRAWBERRY LUNCH BOX WITH CUTLERY"
UCI-FRANCE-543459,"PACK OF 20 NAPKINS RED APPLES,PACK OF 6 SKULL PAPER CUPS,PACK OF 72 RETROSPOT CAKE CASES,PAPER BUNTING RETROSPOT,SET/20 RED RETROSPOT PAPER NAPKINS,SET/6 RED SPOTTY PAPER CUPS,SET/6 RED SPOTTY PAPER PLATES,SMALL RED RETROSPOT WINDMILL"
UCI-FRANCE-543484,"ASSORTED COLOUR MINI CASES,JUMBO BAG RED RETROSPOT,JUMBO BAG WOODLAND ANIMALS,MINI PAINT SET VINTAGE,PACK OF 72 RETROSPOT CAKE CASES,PLASTERS IN TIN WOODLAND ANIMALS,RED RETROSPOT PICNIC BAG,SET/20 RED RETROSPOT PAPER NAPKINS,SET/6 RED SPOTTY PAPER CUPS,SET/6 RED SPOTTY PAPER PLATES,SMALL RED RETROSPOT WINDMILL"
UCI-FRANCE-543625,"MINI PAINT SET VINTAGE,PLASTERS IN TIN CIRCUS PARADE,PLASTERS IN TIN SPACEBOY,PLASTERS IN TIN WOODLAND ANIMALS,ROUND SNACK BOXES SET OF4 WOODLAND"
UCI-FRANCE-544069,"LUNCH BOX I LOVE LONDON,PLASTERS IN TIN STRONGMAN,PLASTERS IN TIN WOODLAND ANIMALS,RED RETROSPOT MINI CASES,ROUND SNACK BOXES SET OF 4 FRUITS,ROUND SNACK BOXES SET OF4 WOODLAND"
UCI-FRANCE-544115,"4 TRADITIONAL SPINNING TOPS,MINI PAINT SET VINTAGE,PACK OF 6 SKULL PAPER CUPS,PACK OF 6 SKULL PAPER PLATES,PLASTERS IN TIN SKULLS,PLASTERS IN TIN SPACEBOY,POPPY'S PLAYHOUSE KITCHEN,RETROSPOT PARTY BAG + STICKER SET,SET OF 9 BLACK SKULL BALLOONS,SET OF 9 HEART SHAPED BALLOONS,SET/20 RED RETROSPOT PAPER NAPKINS,SET/6 RED SPOTTY PAPER CUPS,SET/6 RED SPOTTY PAPER PLATES,SKULL LUNCH BOX WITH CUTLERY,SPACEBOY BIRTHDAY CARD,STRAWBERRY LUNCH BOX WITH CUTLERY,TEA PARTY BIRTHDAY CARD"
UCI-FRANCE-544200,"CHARLOTTE BAG DOLLY GIRL DESIGN,CHARLOTTE BAG PINK POLKADOT,LUNCH BAG RED RETROSPOT,LUNCH BAG SUKI DESIGN,RED RETROSPOT CAKE STAND,RED RETROSPOT CHARLOTTE BAG,RED RETROSPOT PICNIC BAG"
UCI-FRANCE-544355,"CHILDREN'S APRON DOLLY GIRL,CHILDRENS APRON SPACEBOY DESIGN,PACK OF 6 SKULL PAPER CUPS,PACK OF 6 SKULL PAPER PLATES,RED HARMONICA IN BOX,RED RETROSPOT CHILDRENS UMBRELLA,RED TOADSTOOL LED NIGHT LIGHT,SET/20 RED RETROSPOT PAPER NAPKINS,SET/6 RED SPOTTY PAPER CUPS,SET/6 RED SPOTTY PAPER PLATES,SPACEBOY BIRTHDAY CARD"
UCI-FRANCE-544470,"LUNCH BOX I LOVE LONDON,RETROSPOT TEA SET CERAMIC 11 PC"
UCI-FRANCE-544817,"MINI PAINT SET VINTAGE,PLASTERS IN TIN CIRCUS PARADE,PLASTERS IN TIN SPACEBOY,SET OF 9 HEART SHAPED BALLOONS,STRAWBERRY LUNCH BOX WITH CUTLERY"
UCI-FRANCE-544818,"LUNCH BOX WITH CUTLERY RETROSPOT,SET/10 RED POLKADOT PARTY CANDLES"
UCI-FRANCE-545086,"BAKING SET 9 PIECE RETROSPOT,PACK OF 72 RETROSPOT CAKE CASES"
UCI-FRANCE-545105,"CHARLOTTE BAG DOLLY GIRL DESIGN,CHILDREN'S APRON DOLLY GIRL,CHILDRENS APRON SPACEBOY DESIGN,COFFEE MUG APPLES DESIGN,DOLLY GIRL LUNCH BOX,LUNCH BAG SPACEBOY DESIGN,LUNCH BOX I LOVE LONDON,LUNCH BOX WITH CUTLERY RETROSPOT,PLASTERS IN TIN CIRCUS PARADE,PLASTERS IN TIN SPACEBOY,PLASTERS IN TIN WOODLAND ANIMALS,RED RETROSPOT CHARLOTTE BAG,SPACEBOY LUNCH BOX,STRAWBERRY LUNCH BOX WITH CUTLERY"
UCI-FRANCE-545180,"GUMBALL COAT RACK,JAM MAKING SET PRINTED,LUNCH BOX WITH CUTLERY RETROSPOT,POPPY'S PLAYHOUSE KITCHEN,RED RETROSPOT MINI CASES,SET OF 9 HEART SHAPED BALLOONS"
UCI-FRANCE-545181,"CHARLOTTE BAG PINK POLKADOT,PARTY BUNTING"
UCI-FRANCE-545235,"4 TRADITIONAL SPINNING TOPS,PACK OF 72 RETROSPOT CAKE CASES,POPPY'S PLAYHOUSE KITCHEN,ROUND SNACK BOXES SET OF 4 FRUITS,SET OF 9 BLACK SKULL BALLOONS,STRAWBERRY LUNCH BOX WITH CUTLERY"
UCI-FRANCE-545301,"CHILDRENS APRON SPACEBOY DESIGN,CIRCUS PARADE LUNCH BOX,PAPER BUNTING RETROSPOT,PLASTERS IN TIN SPACEBOY,PLASTERS IN TIN WOODLAND ANIMALS,RED RETROSPOT CHILDRENS UMBRELLA,RED RETROSPOT CUP,RED TOADSTOOL LED NIGHT LIGHT,RETROSPOT CHILDRENS APRON,ROUND SNACK BOXES SET OF 4 FRUITS,SPACEBOY LUNCH BOX,STRAWBERRY LUNCH BOX WITH CUTLERY,WATERING CAN PINK BUNNY"
UCI-FRANCE-545515,"PAPER BUNTING RETROSPOT,SET/20 RED RETROSPOT PAPER NAPKINS,SET/6 RED SPOTTY PAPER CUPS,SET/6 RED SPOTTY PAPER PLATES,TEA PARTY BIRTHDAY CARD"
UCI-FRANCE-545583,"ASSORTED COLOUR MINI CASES,BAKING SET 9 PIECE RETROSPOT,JUMBO BAG RED RETROSPOT,PAPER BUNTING RETROSPOT,RED TOADSTOOL LED NIGHT LIGHT,RETROSPOT TEA SET CERAMIC 11 PC,SET OF 9 HEART SHAPED BALLOONS,STRAWBERRY LUNCH BOX WITH CUTLERY"
UCI-FRANCE-546373,"MINI PAINT SET VINTAGE,PAPER BUNTING RETROSPOT,PLASTERS IN TIN CIRCUS PARADE,PLASTERS IN TIN WOODLAND ANIMALS,RED TOADSTOOL LED NIGHT LIGHT,RETROSPOT PARTY BAG + STICKER SET,SET/20 RED RETROSPOT PAPER NAPKINS,SET/6 RED SPOTTY PAPER CUPS,SET/6 RED SPOTTY PAPER PLATES,STRAWBERRY LUNCH BOX WITH CUTLERY"
UCI-FRANCE-546428,"4 TRADITIONAL SPINNING TOPS,RED TOADSTOOL LED NIGHT LIGHT"
UCI-FRANCE-546479,"4 TRADITIONAL SPINNING TOPS,LUNCH BAG WOODLAND,PARTY BUNTING,RED RETROSPOT MINI CASES,SET OF 2 TEA TOWELS APPLE AND PEARS,SET/6 RED SPOTTY PAPER PLATES,SMALL RED RETROSPOT WINDMILL,WATERING CAN PINK BUNNY"
UCI-FRANCE-546678,"GUMBALL COAT RACK,LUNCH BOX WITH CUTLERY RETROSPOT,PACK OF 6 SKULL PAPER PLATES,PLASTERS IN TIN CIRCUS PARADE,RED RETROSPOT CHARLOTTE BAG,RED TOADSTOOL LED NIGHT LIGHT,ROUND SNACK BOXES SET OF4 WOODLAND,SET OF 2 TEA TOWELS APPLE AND PEARS,SET/20 RED RETROSPOT PAPER NAPKINS,SET/6 RED SPOTTY PAPER CUPS,SET/6 RED SPOTTY PAPER PLATES,TABLECLOTH RED APPLES DESIGN,WOODLAND CHARLOTTE BAG"
UCI-FRANCE-546765,"RED RETROSPOT CAKE STAND,SET/20 RED RETROSPOT PAPER NAPKINS,SET/6 RED SPOTTY PAPER CUPS,SET/6 RED SPOTTY PAPER PLATES"
UCI-FRANCE-547087,"4 TRADITIONAL SPINNING TOPS,MINI PAINT SET VINTAGE,PACK OF 72 RETROSPOT CAKE CASES,RETROSPOT PARTY BAG + STICKER SET,SET/10 RED POLKADOT PARTY CANDLES,SET/20 RED RETROSPOT PAPER NAPKINS,SET/6 RED SPOTTY PAPER CUPS,SET/6 RED SPOTTY PAPER PLATES"
UCI-FRANCE-547194,"CIRCUS PARADE LUNCH BOX,JUMBO BAG RED RETROSPOT,JUMBO BAG SPACEBOY DESIGN,LUNCH BAG DOLLY GIRL DESIGN,LUNCH BAG RED RETROSPOT,LUNCH BAG SPACEBOY DESIGN,LUNCH BAG SUKI DESIGN,LUNCH BAG WOODLAND,PACK OF 20 NAPKINS RED APPLES,PLASTERS IN TIN CIRCUS PARADE,PLASTERS IN TIN SKULLS,PLASTERS IN TIN SPACEBOY,PLASTERS IN TIN STRONGMAN,PLASTERS IN TIN WOODLAND ANIMALS,REVOLVER WOODEN RULER,ROUND SNACK BOXES SET OF 4 FRUITS,ROUND SNACK BOXES SET OF4 WOODLAND,SET OF 2 TEA TOWELS APPLE AND PEARS,SPACEBOY LUNCH BOX"
UCI-FRANCE-547327,"ALARM CLOCK BAKELIKE RED,ASSORTED COLOUR MINI CASES,BAKING SET 9 PIECE RETROSPOT,CIRCUS PARADE CHILDRENS EGG CUP,GUMBALL COAT RACK,LUNCH BAG RED RETROSPOT,LUNCH BOX WITH CUTLERY RETROSPOT,POPPY'S PLAYHOUSE KITCHEN,RED RETROSPOT MINI CASES,RED TOADSTOOL LED NIGHT LIGHT,RETROSPOT TEA SET CERAMIC 11 PC,ROUND SNACK BOXES SET OF 4 FRUITS,ROUND SNACK BOXES SET OF4 WOODLAND,STRAWBERRY LUNCH BOX WITH CUTLERY"
UCI-FRANCE-547492,"BAKING SET 9 PIECE RETROSPOT,CHILDRENS APRON SPACEBOY DESIGN,PACK OF 72 RETROSPOT CAKE CASES"
UCI-FRANCE-547504,"COFFEE MUG APPLES DESIGN,JAM MAKING SET PRINTED,PACK OF 20 NAPKINS RED APPLES,PACK OF 6 SKULL PAPER CUPS,PACK OF 6 SKULL PAPER PLATES,PACK OF 72 RETROSPOT CAKE CASES,RED RETROSPOT CUP,SET OF 9 BLACK SKULL BALLOONS,SET OF 9 HEART SHAPED BALLOONS,SET/20 RED RETROSPOT PAPER NAPKINS,SET/6 RED SPOTTY PAPER CUPS,SET/6 RED SPOTTY PAPER PLATES,TEA PARTY BIRTHDAY CARD"
UCI-FRANCE-547508,"DOLLY GIRL LUNCH BOX,LUNCH BOX I LOVE LONDON,SET/10 RED POLKADOT PARTY CANDLES,SPACEBOY LUNCH BOX"
UCI-FRANCE-547520,"CIRCUS PARADE LUNCH BOX,DOLLY GIRL LUNCH BOX,LUNCH BAG SUKI DESIGN,LUNCH BOX I LOVE LONDON,RED RETROSPOT MINI CASES,ROUND SNACK BOXES SET OF 4 FRUITS,ROUND SNACK BOXES SET OF4 WOODLAND,SPACEBOY LUNCH BOX"
UCI-FRANCE-547722,"JUMBO BAG WOODLAND ANIMALS,LUNCH BAG RED RETROSPOT,LUNCH BOX WITH CUTLERY RETROSPOT,RED RETROSPOT CHARLOTTE BAG,RETROSPOT PARTY BAG + STICKER SET,SET/20 RED RETROSPOT PAPER NAPKINS,SET/6 RED SPOTTY PAPER CUPS,SET/6 RED SPOTTY PAPER PLATES,SPACEBOY BIRTHDAY CARD"
UCI-FRANCE-547863,"PACK OF 72 RETROSPOT CAKE CASES,RED RETROSPOT CAKE STAND,RED TOADSTOOL LED NIGHT LIGHT,REGENCY CAKESTAND 3 TIER,SMALL RED RETROSPOT WINDMILL"
UCI-FRANCE-547892,"ALARM CLOCK BAKELIKE GREEN,ALARM CLOCK BAKELIKE RED,CHARLOTTE BAG DOLLY GIRL DESIGN,CIRCUS PARADE LUNCH BOX,COFFEE MUG APPLES DESIGN,DOLLY GIRL LUNCH BOX,LUNCH BAG DOLLY GIRL DESIGN,LUNCH BAG SPACEBOY DESIGN,LUNCH BAG WOODLAND,LUNCH BOX I LOVE LONDON,PACK OF 20 NAPKINS RED APPLES,PACK OF 72 RETROSPOT CAKE CASES,PLASTERS IN TIN CIRCUS PARADE,PLASTERS IN TIN SKULLS,PLASTERS IN TIN SPACEBOY,PLASTERS IN TIN STRONGMAN,PLASTERS IN TIN WOODLAND ANIMALS,REVOLVER WOODEN RULER,ROUND SNACK BOXES SET OF 4 FRUITS,SET OF 2 TEA TOWELS APPLE AND PEARS,SPACEBOY LUNCH BOX,WOODLAND CHARLOTTE BAG"
UCI-FRANCE-548409,"4 TRADITIONAL SPINNING TOPS,BLUE HARMONICA IN BOX,CHILDRENS APRON SPACEBOY DESIGN,DOLLY GIRL LUNCH BOX,LUNCH BAG DOLLY GIRL DESIGN,LUNCH BAG RED RETROSPOT,LUNCH BOX WITH CUTLERY RETROSPOT,MINI PAINT SET VINTAGE,PLASTERS IN TIN SKULLS,POPPY'S PLAYHOUSE KITCHEN,RED HARMONICA IN BOX,RED RETROSPOT CAKE STAND,RED RETROSPOT CHILDRENS UMBRELLA,REGENCY CAKESTAND 3 TIER,RETROSPOT TEA SET CERAMIC 11 PC,SPACEBOY LUNCH BOX"
UCI-FRANCE-548496,"ALARM CLOCK BAKELIKE GREEN,ALARM CLOCK BAKELIKE PINK,JAM MAKING SET PRINTED,MINI PAINT SET VINTAGE,PLASTERS IN TIN CIRCUS PARADE,PLASTERS IN TIN SPACEBOY,PLASTERS IN TIN STRONGMAN,PLASTERS IN TIN WOODLAND ANIMALS,SET/20 RED RETROSPOT PAPER NAPKINS,SET/6 RED SPOTTY PAPER CUPS,SET/6 RED SPOTTY PAPER PLATES,WATERING CAN PINK BUNNY"
UCI-FRANCE-548737,"ASSORTED COLOUR MINI CASES,GUMBALL COAT RACK,LUNCH BAG RED RETROSPOT,LUNCH BAG SPACEBOY DESIGN,LUNCH BAG SUKI DESIGN,LUNCH BAG WOODLAND,LUNCH BOX WITH CUTLERY RETROSPOT,PACK OF 72 RETROSPOT CAKE CASES,RED RETROSPOT PICNIC BAG,SET OF 9 HEART SHAPED BALLOONS,SET/10 RED POLKADOT PARTY CANDLES,STRAWBERRY LUNCH BOX WITH CUTLERY,TEA PARTY BIRTHDAY CARD,WATERING CAN PINK BUNNY"
UCI-FRANCE-549274,"DOLLY GIRL LUNCH BOX,JUMBO BAG SPACEBOY DESIGN,LUNCH BAG WOODLAND,TEA PARTY BIRTHDAY CARD,WATERING CAN PINK BUNNY"
UCI-FRANCE-550145,"ALARM CLOCK BAKELIKE PINK,ALARM CLOCK BAKELIKE RED,JUMBO BAG SPACEBOY DESIGN,LUNCH BAG DOLLY GIRL DESIGN,LUNCH BAG SPACEBOY DESIGN,LUNCH BAG WOODLAND,MINI PAINT SET VINTAGE,PLASTERS IN TIN CIRCUS PARADE,PLASTERS IN TIN SPACEBOY,PLASTERS IN TIN WOODLAND ANIMALS,REGENCY CAKESTAND 3 TIER,REVOLVER WOODEN RULER,ROUND SNACK BOXES SET OF4 WOODLAND,SMALL RED RETROSPOT WINDMILL,SPACEBOY LUNCH BOX"
UCI-FRANCE-550313,"4 TRADITIONAL SPINNING TOPS,CIRCUS PARADE CHILDRENS EGG CUP,PLASTERS IN TIN CIRCUS PARADE,RED RETROSPOT CUP,RED TOADSTOOL LED NIGHT LIGHT,REVOLVER WOODEN RULER,ROUND SNACK BOXES SET OF4 WOODLAND,SET OF 2 TEA TOWELS APPLE AND PEARS,TEA PARTY BIRTHDAY CARD,WOODLAND CHARLOTTE BAG"
UCI-FRANCE-550338,"JUMBO BAG RED RETROSPOT,RED RETROSPOT PICNIC BAG"
UCI-FRANCE-550661,"DOLLY GIRL LUNCH BOX,LUNCH BAG DOLLY GIRL DESIGN,LUNCH BAG RED RETROSPOT,LUNCH BAG SPACEBOY DESIGN,LUNCH BAG WOODLAND,RED RETROSPOT PICNIC BAG,ROUND SNACK BOXES SET OF4 WOODLAND,SPACEBOY LUNCH BOX"
UCI-FRANCE-550821,"PAPER BUNTING RETROSPOT,ROUND SNACK BOXES SET OF 4 FRUITS,WATERING CAN PINK BUNNY"
UCI-FRANCE-550827,"CIRCUS PARADE LUNCH BOX,COFFEE MUG APPLES DESIGN,LUNCH BAG APPLE DESIGN,LUNCH BAG RED RETROSPOT,LUNCH BAG SPACEBOY DESIGN,LUNCH BOX I LOVE LONDON,LUNCH BOX WITH CUTLERY RETROSPOT,PLASTERS IN TIN CIRCUS PARADE,PLASTERS IN TIN SPACEBOY,RED RETROSPOT CHILDRENS UMBRELLA,RED RETROSPOT MINI CASES,RED RETROSPOT PICNIC BAG,SET OF 2 TEA TOWELS APPLE AND PEARS,SPACEBOY LUNCH BOX,STRAWBERRY LUNCH BOX WITH CUTLERY"
UCI-FRANCE-551163,"CIRCUS PARADE CHILDRENS EGG CUP,PARTY BUNTING"
UCI-FRANCE-551389,"PACK OF 72 RETROSPOT CAKE CASES,PAPER BUNTING RETROSPOT,REGENCY CAKESTAND 3 TIER,SET/6 RED SPOTTY PAPER CUPS"
UCI-FRANCE-551539,"CHARLOTTE BAG APPLES DESIGN,CHARLOTTE BAG DOLLY GIRL DESIGN,CHILDRENS CUTLERY DOLLY GIRL,CHILDRENS CUTLERY SPACEBOY,COFFEE MUG APPLES DESIGN,RED RETROSPOT CHARLOTTE BAG,STRAWBERRY LUNCH BOX WITH CUTLERY,WOODLAND CHARLOTTE BAG"
UCI-FRANCE-551544,"LUNCH BAG APPLE DESIGN,LUNCH BAG DOLLY GIRL DESIGN,LUNCH BOX WITH CUTLERY RETROSPOT,PAPER BUNTING RETROSPOT,ROUND SNACK BOXES SET OF 4 FRUITS,SET/20 RED RETROSPOT PAPER NAPKINS,SET/6 RED SPOTTY PAPER CUPS,SET/6 RED SPOTTY PAPER PLATES"
UCI-FRANCE-551652,"PACK OF 72 RETROSPOT CAKE CASES,PAPER BUNTING RETROSPOT"
UCI-FRANCE-551887,"DOLLY GIRL LUNCH BOX,LUNCH BAG DOLLY GIRL DESIGN,LUNCH BAG SPACEBOY DESIGN,LUNCH BAG WOODLAND,LUNCH BOX I LOVE LONDON,RED TOADSTOOL LED NIGHT LIGHT,SPACEBOY LUNCH BOX"
UCI-FRANCE-552315,"CHARLOTTE BAG APPLES DESIGN,CHARLOTTE BAG DOLLY GIRL DESIGN,CHILDRENS CUTLERY DOLLY GIRL,CHILDRENS CUTLERY SPACEBOY,CIRCUS PARADE CHILDRENS EGG CUP,DOLLY GIRL LUNCH BOX,JUMBO BAG APPLES,LUNCH BAG APPLE DESIGN,LUNCH BAG DOLLY GIRL DESIGN,LUNCH BAG WOODLAND,PACK OF 72 RETROSPOT CAKE CASES,PLASTERS IN TIN CIRCUS PARADE,PLASTERS IN TIN SPACEBOY,PLASTERS IN TIN STRONGMAN,PLASTERS IN TIN WOODLAND ANIMALS,REGENCY CAKESTAND 3 TIER,SPACEBOY BIRTHDAY CARD,SPACEBOY LUNCH BOX,STRAWBERRY LUNCH BOX WITH CUTLERY,TEA PARTY BIRTHDAY CARD"
UCI-FRANCE-552325,"CHARLOTTE BAG APPLES DESIGN,COFFEE MUG APPLES DESIGN,JUMBO BAG APPLES,JUMBO BAG RED RETROSPOT,JUMBO BAG WOODLAND ANIMALS,LUNCH BAG APPLE DESIGN,LUNCH BAG RED RETROSPOT,PAPER BUNTING RETROSPOT,RED RETROSPOT CHARLOTTE BAG,RED RETROSPOT CUP,SET OF 2 TEA TOWELS APPLE AND PEARS,STRAWBERRY LUNCH BOX WITH CUTLERY"
UCI-FRANCE-552464,"4 TRADITIONAL SPINNING TOPS,SET OF 9 BLACK SKULL BALLOONS,SET OF 9 HEART SHAPED BALLOONS,SET/6 RED SPOTTY PAPER CUPS,SET/6 RED SPOTTY PAPER PLATES"
UCI-FRANCE-552631,"4 TRADITIONAL SPINNING TOPS,ALARM CLOCK BAKELIKE PINK,CHILDRENS CUTLERY SPACEBOY,MINI PAINT SET VINTAGE,PLASTERS IN TIN CIRCUS PARADE,RED HARMONICA IN BOX,REVOLVER WOODEN RULER,SKULL LUNCH BOX WITH CUTLERY,SPACEBOY LUNCH BOX,STRAWBERRY LUNCH BOX WITH CUTLERY"
UCI-FRANCE-552826,"CHILDRENS CUTLERY DOLLY GIRL,JUMBO BAG APPLES,JUMBO BAG RED RETROSPOT"
UCI-FRANCE-552851,"CHILDREN'S APRON DOLLY GIRL,DOLLY GIRL LUNCH BOX,LUNCH BAG DOLLY GIRL DESIGN,LUNCH BAG RED RETROSPOT,PLASTERS IN TIN WOODLAND ANIMALS,RABBIT NIGHT LIGHT,RED RETROSPOT CAKE STAND,RETROSPOT CHILDRENS APRON,RETROSPOT TEA SET CERAMIC 11 PC,SKULL LUNCH BOX WITH CUTLERY,SPACEBOY LUNCH BOX"
UCI-FRANCE-552946,"CHILDREN'S APRON DOLLY GIRL,CHILDRENS APRON SPACEBOY DESIGN,RETROSPOT CHILDRENS APRON,SET OF 9 BLACK SKULL BALLOONS,TABLECLOTH RED APPLES DESIGN"
UCI-FRANCE-553044,"COFFEE MUG APPLES DESIGN,JAM MAKING SET PRINTED,JUMBO BAG APPLES,JUMBO BAG WOODLAND ANIMALS,LUNCH BAG APPLE DESIGN,LUNCH BOX WITH CUTLERY RETROSPOT,PLASTERS IN TIN CIRCUS PARADE,PLASTERS IN TIN SPACEBOY,PLASTERS IN TIN WOODLAND ANIMALS,RABBIT NIGHT LIGHT,ROUND SNACK BOXES SET OF 4 FRUITS,ROUND SNACK BOXES SET OF4 WOODLAND,SET OF 2 TEA TOWELS APPLE AND PEARS,SET/6 RED SPOTTY PAPER CUPS,SMALL RED RETROSPOT WINDMILL,WATERING CAN PINK BUNNY"
UCI-FRANCE-553161,"CHARLOTTE BAG APPLES DESIGN,CIRCUS PARADE CHILDRENS EGG CUP,COFFEE MUG APPLES DESIGN,PACK OF 20 NAPKINS RED APPLES,PACK OF 72 RETROSPOT CAKE CASES,RED RETROSPOT CHARLOTTE BAG,REGENCY CAKESTAND 3 TIER,SET OF 2 TEA TOWELS APPLE AND PEARS,TABLECLOTH RED APPLES DESIGN"
UCI-FRANCE-553195,"PACK OF 20 NAPKINS RED APPLES,PACK OF 6 SKULL PAPER PLATES,SET OF 9 BLACK SKULL BALLOONS,SET OF 9 HEART SHAPED BALLOONS,SET/10 RED POLKADOT PARTY CANDLES,SET/6 RED SPOTTY PAPER CUPS,SET/6 RED SPOTTY PAPER PLATES,SMALL RED RETROSPOT WINDMILL"
UCI-FRANCE-553208,"MINI PAINT SET VINTAGE,RABBIT NIGHT LIGHT,ROUND SNACK BOXES SET OF4 WOODLAND,SPACEBOY BIRTHDAY CARD"
UCI-FRANCE-553316,"PACK OF 20 NAPKINS RED APPLES,RABBIT NIGHT LIGHT,TABLECLOTH RED APPLES DESIGN"
UCI-FRANCE-553411,"LUNCH BAG APPLE DESIGN,LUNCH BAG DOLLY GIRL DESIGN,LUNCH BAG SPACEBOY DESIGN,LUNCH BAG SUKI DESIGN,PLASTERS IN TIN CIRCUS PARADE,PLASTERS IN TIN SKULLS,RABBIT NIGHT LIGHT,REGENCY CAKESTAND 3 TIER,SET OF 9 BLACK SKULL BALLOONS"
UCI-FRANCE-553566,"LUNCH BAG APPLE DESIGN,RABBIT NIGHT LIGHT,RED RETROSPOT PICNIC BAG,RED TOADSTOOL LED NIGHT LIGHT"
UCI-FRANCE-553577,"PACK OF 72 RETROSPOT CAKE CASES,PARTY BUNTING,RED RETROSPOT CAKE STAND,SET OF 9 HEART SHAPED BALLOONS"
UCI-FRANCE-553838,"BAKING SET 9 PIECE RETROSPOT,CHILDRENS CUTLERY DOLLY GIRL,CHILDRENS CUTLERY SPACEBOY,LUNCH BAG APPLE DESIGN,LUNCH BAG RED RETROSPOT,LUNCH BAG WOODLAND,PLASTERS IN TIN SKULLS,PLASTERS IN TIN WOODLAND ANIMALS,SMALL RED RETROSPOT WINDMILL"
UCI-FRANCE-553843,"CHILDRENS CUTLERY DOLLY GIRL,CHILDRENS CUTLERY SPACEBOY,JUMBO BAG RED RETROSPOT,JUMBO BAG SPACEBOY DESIGN,LUNCH BAG APPLE DESIGN,LUNCH BAG RED RETROSPOT,LUNCH BOX WITH CUTLERY RETROSPOT,PAPER BUNTING RETROSPOT,POPPY'S PLAYHOUSE KITCHEN,RED RETROSPOT PICNIC BAG,SKULL LUNCH BOX WITH CUTLERY"
UCI-FRANCE-553997,"DOLLY GIRL LUNCH BOX,LUNCH BAG APPLE DESIGN,LUNCH BAG DOLLY GIRL DESIGN,LUNCH BAG RED RETROSPOT,LUNCH BAG SPACEBOY DESIGN,LUNCH BAG WOODLAND,RED RETROSPOT PICNIC BAG,SPACEBOY LUNCH BOX"
UCI-FRANCE-554097,"CHARLOTTE BAG APPLES DESIGN,LUNCH BAG APPLE DESIGN,LUNCH BAG SPACEBOY DESIGN,PLASTERS IN TIN CIRCUS PARADE,PLASTERS IN TIN STRONGMAN,RED RETROSPOT CUP,RED RETROSPOT PICNIC BAG,TABLECLOTH RED APPLES DESIGN,WATERING CAN PINK BUNNY"
UCI-FRANCE-554109,"RABBIT NIGHT LIGHT,REGENCY CAKESTAND 3 TIER,STRAWBERRY LUNCH BOX WITH CUTLERY,TEA PARTY BIRTHDAY CARD,WATERING CAN PINK BUNNY"
UCI-FRANCE-554134,"MINI PAINT SET VINTAGE,PACK OF 72 RETROSPOT CAKE CASES,PAPER BUNTING RETROSPOT,PLASTERS IN TIN CIRCUS PARADE,RED RETROSPOT CHARLOTTE BAG,RED RETROSPOT CUP,SET/10 RED POLKADOT PARTY CANDLES,WOODLAND CHARLOTTE BAG"
UCI-FRANCE-554356,"COFFEE MUG APPLES DESIGN,LUNCH BAG APPLE DESIGN,LUNCH BAG RED RETROSPOT,LUNCH BOX WITH CUTLERY RETROSPOT,RABBIT NIGHT LIGHT,RED RETROSPOT PICNIC BAG,ROUND SNACK BOXES SET OF 4 FRUITS"
UCI-FRANCE-554555,"PLASTERS IN TIN WOODLAND ANIMALS,REGENCY CAKESTAND 3 TIER,SET OF 9 BLACK SKULL BALLOONS,SET/6 RED SPOTTY PAPER CUPS,SET/6 RED SPOTTY PAPER PLATES,TEA PARTY BIRTHDAY CARD"
UCI-FRANCE-554648,"DOLLY GIRL LUNCH BOX,JUMBO BAG APPLES,JUMBO BAG RED RETROSPOT,JUMBO BAG SPACEBOY DESIGN,JUMBO BAG WOODLAND ANIMALS,LUNCH BAG APPLE DESIGN,LUNCH BAG DOLLY GIRL DESIGN,LUNCH BAG WOODLAND,PLASTERS IN TIN CIRCUS PARADE,PLASTERS IN TIN WOODLAND ANIMALS,RABBIT NIGHT LIGHT,RED RETROSPOT MINI CASES,RED RETROSPOT PICNIC BAG,RETROSPOT TEA SET CERAMIC 11 PC,SPACEBOY LUNCH BOX"
UCI-FRANCE-554650,"ASSORTED COLOUR MINI CASES,JUMBO BAG APPLES,LUNCH BAG APPLE DESIGN,LUNCH BOX WITH CUTLERY RETROSPOT,RABBIT NIGHT LIGHT,RED RETROSPOT MINI CASES,RED TOADSTOOL LED NIGHT LIGHT,RETROSPOT CHILDRENS APRON,SET/10 RED POLKADOT PARTY CANDLES,STRAWBERRY LUNCH BOX WITH CUTLERY,WATERING CAN PINK BUNNY"
UCI-FRANCE-554826,"LUNCH BAG APPLE DESIGN,LUNCH BAG RED RETROSPOT,LUNCH BAG SUKI DESIGN"
UCI-FRANCE-554840,"ALARM CLOCK BAKELIKE PINK,MINI PAINT SET VINTAGE,PLASTERS IN TIN CIRCUS PARADE,RED HARMONICA IN BOX,SET OF 9 BLACK SKULL BALLOONS"
UCI-FRANCE-554940,"LUNCH BAG RED RETROSPOT,LUNCH BAG SPACEBOY DESIGN,LUNCH BAG SUKI DESIGN,LUNCH BAG WOODLAND,RABBIT NIGHT LIGHT,RED RETROSPOT CAKE STAND"
UCI-FRANCE-555096,"COFFEE MUG APPLES DESIGN,LUNCH BAG APPLE DESIGN,LUNCH BAG WOODLAND,PARTY BUNTING,RABBIT NIGHT LIGHT,SMALL RED RETROSPOT WINDMILL"
UCI-FRANCE-555531,"ALARM CLOCK BAKELIKE PINK,REVOLVER WOODEN RULER"
UCI-FRANCE-555547,"CHARLOTTE BAG APPLES DESIGN,CIRCUS PARADE CHILDRENS EGG CUP,COFFEE MUG APPLES DESIGN,GUMBALL COAT RACK,PARTY BUNTING,PLASTERS IN TIN CIRCUS PARADE,PLASTERS IN TIN STRONGMAN,PLASTERS IN TIN WOODLAND ANIMALS,RED RETROSPOT CUP,RED RETROSPOT MINI CASES,RED TOADSTOOL LED NIGHT LIGHT,REGENCY CAKESTAND 3 TIER,ROUND SNACK BOXES SET OF 4 FRUITS,ROUND SNACK BOXES SET OF4 WOODLAND,SET OF 2 TEA TOWELS APPLE AND PEARS,SET/20 RED RETROSPOT PAPER NAPKINS,TABLECLOTH RED APPLES DESIGN"
UCI-FRANCE-555637,"BAKING SET 9 PIECE RETROSPOT,SET/20 RED RETROSPOT PAPER NAPKINS"
UCI-FRANCE-555933,"LUNCH BAG APPLE DESIGN,LUNCH BAG SPACEBOY DESIGN,LUNCH BAG WOODLAND,ROUND SNACK BOXES SET OF 4 FRUITS,WATERING CAN PINK BUNNY"
UCI-FRANCE-555936,"LUNCH BAG APPLE DESIGN,LUNCH BAG SPACEBOY DESIGN,LUNCH BAG WOODLAND,ROUND SNACK BOXES SET OF 4 FRUITS,WATERING CAN PINK BUNNY"
UCI-FRANCE-555937,"LUNCH BAG WOODLAND,LUNCH BOX WITH CUTLERY RETROSPOT,PACK OF 6 SKULL PAPER CUPS,PACK OF 6 SKULL PAPER PLATES,ROUND SNACK BOXES SET OF 4 FRUITS,SET/10 RED POLKADOT PARTY CANDLES,STRAWBERRY LUNCH BOX WITH CUTLERY"
UCI-FRANCE-555941,"4 TRADITIONAL SPINNING TOPS,MINI PAINT SET VINTAGE,PACK OF 6 SKULL PAPER CUPS,PACK OF 6 SKULL PAPER PLATES,RETROSPOT PARTY BAG + STICKER SET,SET OF 9 HEART SHAPED BALLOONS,SET/20 RED RETROSPOT PAPER NAPKINS,SET/6 RED SPOTTY PAPER CUPS,SET/6 RED SPOTTY PAPER PLATES"
UCI-FRANCE-556258,"4 TRADITIONAL SPINNING TOPS,MINI PAINT SET VINTAGE,PACK OF 20 NAPKINS RED APPLES,REVOLVER WOODEN RULER"
UCI-FRANCE-556259,"CIRCUS PARADE LUNCH BOX,JUMBO BAG RED RETROSPOT,PAPER BUNTING RETROSPOT,PARTY BUNTING,PLASTERS IN TIN CIRCUS PARADE,RED RETROSPOT PICNIC BAG,RED TOADSTOOL LED NIGHT LIGHT,REGENCY CAKESTAND 3 TIER,RETROSPOT PARTY BAG + STICKER SET,SMALL RED RETROSPOT WINDMILL,SPACEBOY LUNCH BOX"
UCI-FRANCE-556463,"CHARLOTTE BAG PINK POLKADOT,RED RETROSPOT CUP"
UCI-FRANCE-556507,"BLUE HARMONICA IN BOX,CHARLOTTE BAG APPLES DESIGN,CIRCUS PARADE LUNCH BOX,COFFEE MUG APPLES DESIGN,GUMBALL COAT RACK,JUMBO BAG APPLES,JUMBO BAG RED RETROSPOT,JUMBO BAG WOODLAND ANIMALS,LUNCH BAG APPLE DESIGN,LUNCH BAG WOODLAND,LUNCH BOX WITH CUTLERY RETROSPOT,PACK OF 20 NAPKINS RED APPLES,PLASTERS IN TIN CIRCUS PARADE,PLASTERS IN TIN STRONGMAN,PLASTERS IN TIN WOODLAND ANIMALS,RABBIT NIGHT LIGHT,RETROSPOT TEA SET CERAMIC 11 PC,REVOLVER WOODEN RULER,SMALL RED RETROSPOT WINDMILL,TABLECLOTH RED APPLES DESIGN"
UCI-FRANCE-556526,"CHILDRENS CUTLERY DOLLY GIRL,CHILDRENS CUTLERY SPACEBOY,RED RETROSPOT CUP,ROUND SNACK BOXES SET OF 4 FRUITS"
UCI-FRANCE-556529,"BLUE HARMONICA IN BOX,JUMBO BAG WOODLAND ANIMALS,LUNCH BOX WITH CUTLERY RETROSPOT,RABBIT NIGHT LIGHT,RED RETROSPOT PICNIC BAG,RETROSPOT PARTY BAG + STICKER SET,SKULL LUNCH BOX WITH CUTLERY,STRAWBERRY LUNCH BOX WITH CUTLERY"
UCI-FRANCE-556816,"CHARLOTTE BAG PINK POLKADOT,LUNCH BAG RED RETROSPOT,ROUND SNACK BOXES SET OF4 WOODLAND,SET/6 RED SPOTTY PAPER CUPS,SET/6 RED SPOTTY PAPER PLATES"
UCI-FRANCE-556819,"PARTY BUNTING,RABBIT NIGHT LIGHT"
UCI-FRANCE-556820,"CIRCUS PARADE CHILDRENS EGG CUP,LUNCH BOX WITH CUTLERY RETROSPOT,RED RETROSPOT MINI CASES,SET OF 9 HEART SHAPED BALLOONS,SKULL LUNCH BOX WITH CUTLERY,SMALL RED RETROSPOT WINDMILL,STRAWBERRY LUNCH BOX WITH CUTLERY,WATERING CAN PINK BUNNY"
UCI-FRANCE-556886,"4 TRADITIONAL SPINNING TOPS,ASSORTED COLOUR MINI CASES,BAKING SET 9 PIECE RETROSPOT,PACK OF 72 RETROSPOT CAKE CASES,SET/20 RED RETROSPOT PAPER NAPKINS,SET/6 RED SPOTTY PAPER CUPS,SET/6 RED SPOTTY PAPER PLATES"
UCI-FRANCE-556924,"RABBIT NIGHT LIGHT,RED TOADSTOOL LED NIGHT LIGHT"
UCI-FRANCE-557069,"CHARLOTTE BAG APPLES DESIGN,JUMBO BAG APPLES,JUMBO BAG SPACEBOY DESIGN,JUMBO BAG WOODLAND ANIMALS,LUNCH BAG APPLE DESIGN,LUNCH BAG DOLLY GIRL DESIGN,LUNCH BAG SPACEBOY DESIGN,LUNCH BAG SUKI DESIGN,LUNCH BAG WOODLAND,RABBIT NIGHT LIGHT,RED RETROSPOT CHILDRENS UMBRELLA,RED RETROSPOT PICNIC BAG,RETROSPOT TEA SET CERAMIC 11 PC,SPACEBOY BIRTHDAY CARD,SPACEBOY LUNCH BOX,TEA PARTY BIRTHDAY CARD,WOODLAND CHARLOTTE BAG"
UCI-FRANCE-557247,"BLUE HARMONICA IN BOX,DOLLY GIRL LUNCH BOX,LUNCH BAG RED RETROSPOT,LUNCH BOX WITH CUTLERY RETROSPOT,POPPY'S PLAYHOUSE KITCHEN,RED HARMONICA IN BOX,REGENCY CAKESTAND 3 TIER,SPACEBOY BIRTHDAY CARD,SPACEBOY LUNCH BOX"
UCI-FRANCE-557295,"LUNCH BAG APPLE DESIGN,LUNCH BAG SPACEBOY DESIGN,LUNCH BAG SUKI DESIGN,RABBIT NIGHT LIGHT"
UCI-FRANCE-557489,"CIRCUS PARADE LUNCH BOX,JUMBO BAG APPLES,JUMBO BAG RED RETROSPOT,LUNCH BOX WITH CUTLERY RETROSPOT,PAPER BUNTING RETROSPOT,RABBIT NIGHT LIGHT,RED RETROSPOT MINI CASES,REVOLVER WOODEN RULER,ROUND SNACK BOXES SET OF 4 FRUITS,ROUND SNACK BOXES SET OF4 WOODLAND,SPACEBOY LUNCH BOX"
UCI-FRANCE-557627,"ALARM CLOCK BAKELIKE GREEN,ALARM CLOCK BAKELIKE PINK,ALARM CLOCK BAKELIKE RED,RETROSPOT PARTY BAG + STICKER SET,SET/20 RED RETROSPOT PAPER NAPKINS,SET/6 RED SPOTTY PAPER CUPS,SET/6 RED SPOTTY PAPER PLATES,STRAWBERRY LUNCH BOX WITH CUTLERY"
UCI-FRANCE-557669,"ALARM CLOCK BAKELIKE GREEN,ALARM CLOCK BAKELIKE PINK,ALARM CLOCK BAKELIKE RED,CIRCUS PARADE LUNCH BOX,DOLLY GIRL LUNCH BOX,MINI PAINT SET VINTAGE,RABBIT NIGHT LIGHT,ROUND SNACK BOXES SET OF 4 FRUITS,ROUND SNACK BOXES SET OF4 WOODLAND,SPACEBOY LUNCH BOX"
UCI-FRANCE-557734,"4 TRADITIONAL SPINNING TOPS,MINI PAINT SET VINTAGE,PLASTERS IN TIN SKULLS,RED HARMONICA IN BOX,REVOLVER WOODEN RULER,SET OF 9 BLACK SKULL BALLOONS"
UCI-FRANCE-558045,"ASSORTED COLOUR MINI CASES,CHILDRENS APRON SPACEBOY DESIGN,CHILDRENS CUTLERY DOLLY GIRL,CHILDRENS CUTLERY SPACEBOY,JAM MAKING SET PRINTED,JUMBO BAG RED RETROSPOT,JUMBO BAG SPACEBOY DESIGN,JUMBO BAG WOODLAND ANIMALS,RABBIT NIGHT LIGHT,RED RETROSPOT MINI CASES,RED RETROSPOT PICNIC BAG,RETROSPOT CHILDRENS APRON,SPACEBOY BIRTHDAY CARD,TEA PARTY BIRTHDAY CARD"
UCI-FRANCE-558124,"JUMBO BAG APPLES,JUMBO BAG SPACEBOY DESIGN,LUNCH BAG APPLE DESIGN,LUNCH BAG SPACEBOY DESIGN,LUNCH BAG SUKI DESIGN,RABBIT NIGHT LIGHT"
UCI-FRANCE-558334,"SET/20 RED RETROSPOT PAPER NAPKINS,SET/6 RED SPOTTY PAPER CUPS,SET/6 RED SPOTTY PAPER PLATES,SMALL RED RETROSPOT WINDMILL"
UCI-FRANCE-558687,"CHARLOTTE BAG APPLES DESIGN,CHARLOTTE BAG DOLLY GIRL DESIGN,PLASTERS IN TIN CIRCUS PARADE,PLASTERS IN TIN SPACEBOY,PLASTERS IN TIN WOODLAND ANIMALS,RED RETROSPOT CHARLOTTE BAG,SPACEBOY BIRTHDAY CARD,TEA PARTY BIRTHDAY CARD,WOODLAND CHARLOTTE BAG"
UCI-FRANCE-558813,"ASSORTED COLOUR MINI CASES,CIRCUS PARADE CHILDRENS EGG CUP,LUNCH BAG APPLE DESIGN,LUNCH BAG RED RETROSPOT,LUNCH BAG WOODLAND,PLASTERS IN TIN CIRCUS PARADE,RABBIT NIGHT LIGHT,RED HARMONICA IN BOX,RED RETROSPOT PICNIC BAG,TEA PARTY BIRTHDAY CARD"
UCI-FRANCE-559036,"CHARLOTTE BAG APPLES DESIGN,CHARLOTTE BAG PINK POLKADOT,LUNCH BAG APPLE DESIGN,LUNCH BAG SPACEBOY DESIGN,LUNCH BAG SUKI DESIGN,LUNCH BOX WITH CUTLERY RETROSPOT,PARTY BUNTING,PLASTERS IN TIN CIRCUS PARADE,PLASTERS IN TIN WOODLAND ANIMALS,RED HARMONICA IN BOX,SET OF 9 HEART SHAPED BALLOONS,SMALL RED RETROSPOT WINDMILL,STRAWBERRY LUNCH BOX WITH CUTLERY"
UCI-FRANCE-559134,"ALARM CLOCK BAKELIKE GREEN,ALARM CLOCK BAKELIKE RED,ASSORTED COLOUR MINI CASES,CHARLOTTE BAG PINK POLKADOT,LUNCH BAG SUKI DESIGN,PLASTERS IN TIN SKULLS,PLASTERS IN TIN STRONGMAN,POPPY'S PLAYHOUSE KITCHEN,RED RETROSPOT CHARLOTTE BAG,RED RETROSPOT MINI CASES,REGENCY CAKESTAND 3 TIER,SPACEBOY BIRTHDAY CARD,SPACEBOY CHILDRENS BOWL,TEA PARTY BIRTHDAY CARD,WATERING CAN PINK BUNNY,WOODLAND CHARLOTTE BAG"
UCI-FRANCE-559418,"4 TRADITIONAL SPINNING TOPS,CHARLOTTE BAG APPLES DESIGN,CIRCUS PARADE CHILDRENS EGG CUP,LUNCH BOX WITH CUTLERY RETROSPOT,PACK OF 20 NAPKINS RED APPLES,RED RETROSPOT CHARLOTTE BAG,RED RETROSPOT CUP,REVOLVER WOODEN RULER,ROUND SNACK BOXES SET OF 4 FRUITS,TABLECLOTH RED APPLES DESIGN,TEA PARTY BIRTHDAY CARD"
UCI-FRANCE-559422,"CHILDRENS CUTLERY DOLLY GIRL,JUMBO BAG RED RETROSPOT,JUMBO BAG WOODLAND ANIMALS,LUNCH BAG APPLE DESIGN,LUNCH BAG RED RETROSPOT,RED RETROSPOT CHARLOTTE BAG,RED RETROSPOT PICNIC BAG"
UCI-FRANCE-559441,"ALARM CLOCK BAKELIKE PINK,PACK OF 6 SKULL PAPER CUPS,PACK OF 6 SKULL PAPER PLATES,PLASTERS IN TIN CIRCUS PARADE,PLASTERS IN TIN SPACEBOY,PLASTERS IN TIN WOODLAND ANIMALS,SET/20 RED RETROSPOT PAPER NAPKINS,SET/6 RED SPOTTY PAPER CUPS,SET/6 RED SPOTTY PAPER PLATES"
UCI-FRANCE-559607,"ALARM CLOCK BAKELIKE GREEN,ALARM CLOCK BAKELIKE RED,GUMBALL COAT RACK,POPPY'S PLAYHOUSE KITCHEN,ROUND SNACK BOXES SET OF 4 FRUITS,ROUND SNACK BOXES SET OF4 WOODLAND,SPACEBOY CHILDRENS BOWL,STRAWBERRY LUNCH BOX WITH CUTLERY"
UCI-FRANCE-559685,"SET/20 RED RETROSPOT PAPER NAPKINS,SET/6 RED SPOTTY PAPER PLATES,SMALL RED RETROSPOT WINDMILL"
UCI-FRANCE-559699,"ROUND SNACK BOXES SET OF 4 FRUITS,ROUND SNACK BOXES SET OF4 WOODLAND,WATERING CAN PINK BUNNY"
UCI-FRANCE-559704,"CHARLOTTE BAG APPLES DESIGN,COFFEE MUG APPLES DESIGN,LUNCH BOX WITH CUTLERY RETROSPOT,RED RETROSPOT CUP,RED RETROSPOT PICNIC BAG,ROUND SNACK BOXES SET OF 4 FRUITS,ROUND SNACK BOXES SET OF4 WOODLAND"
UCI-FRANCE-559819,"JUMBO BAG APPLES,SET/10 RED POLKADOT PARTY CANDLES"
UCI-FRANCE-559889,"ALARM CLOCK BAKELIKE GREEN,RABBIT NIGHT LIGHT"
UCI-FRANCE-560272,"CHILDRENS CUTLERY DOLLY GIRL,CHILDRENS CUTLERY SPACEBOY,GUMBALL COAT RACK,LUNCH BOX WITH CUTLERY RETROSPOT,RED TOADSTOOL LED NIGHT LIGHT"
UCI-FRANCE-560398,"BLUE HARMONICA IN BOX,DOLLY GIRL LUNCH BOX,LUNCH BAG DOLLY GIRL DESIGN,LUNCH BAG RED RETROSPOT,LUNCH BAG SPACEBOY DESIGN,LUNCH BOX WITH CUTLERY RETROSPOT,RED HARMONICA IN BOX,RED RETROSPOT CHILDRENS UMBRELLA,RETROSPOT TEA SET CERAMIC 11 PC,SKULL LUNCH BOX WITH CUTLERY,SPACEBOY LUNCH BOX"
UCI-FRANCE-560452,"COFFEE MUG APPLES DESIGN,PARTY BUNTING,SMALL RED RETROSPOT WINDMILL,WATERING CAN PINK BUNNY"
UCI-FRANCE-561029,"CHARLOTTE BAG APPLES DESIGN,CHARLOTTE BAG PINK POLKADOT,COFFEE MUG APPLES DESIGN,JUMBO BAG WOODLAND ANIMALS,LUNCH BAG APPLE DESIGN,LUNCH BAG WOODLAND,LUNCH BOX I LOVE LONDON,PACK OF 20 NAPKINS RED APPLES,RED HARMONICA IN BOX,RED RETROSPOT CHARLOTTE BAG,RED TOADSTOOL LED NIGHT LIGHT,RETROSPOT CHILDRENS APRON,RETROSPOT TEA SET CERAMIC 11 PC,SET OF 2 TEA TOWELS APPLE AND PEARS,SET/10 RED POLKADOT PARTY CANDLES,STRAWBERRY LUNCH BOX WITH CUTLERY,WOODLAND CHARLOTTE BAG"
UCI-FRANCE-561470,"RED RETROSPOT CAKE STAND,RETROSPOT TEA SET CERAMIC 11 PC"
UCI-FRANCE-561795,"COFFEE MUG APPLES DESIGN,PACK OF 6 SKULL PAPER CUPS,PACK OF 6 SKULL PAPER PLATES,PACK OF 72 RETROSPOT CAKE CASES,PAPER BUNTING RETROSPOT,PARTY BUNTING,RED RETROSPOT CUP,ROUND SNACK BOXES SET OF 4 FRUITS,SET OF 2 TEA TOWELS APPLE AND PEARS,SET OF 9 BLACK SKULL BALLOONS,SET/10 RED POLKADOT PARTY CANDLES,SET/6 RED SPOTTY PAPER CUPS,SET/6 RED SPOTTY PAPER PLATES,SKULL LUNCH BOX WITH CUTLERY,STRAWBERRY LUNCH BOX WITH CUTLERY,TABLECLOTH RED APPLES DESIGN,WATERING CAN PINK BUNNY"
UCI-FRANCE-562039,"LUNCH BAG APPLE DESIGN,LUNCH BAG DOLLY GIRL DESIGN,LUNCH BAG WOODLAND,RED TOADSTOOL LED NIGHT LIGHT"
UCI-FRANCE-562207,"PACK OF 72 RETROSPOT CAKE CASES,SMALL RED RETROSPOT WINDMILL"
UCI-FRANCE-562275,"CHARLOTTE BAG DOLLY GIRL DESIGN,CHILDREN'S APRON DOLLY GIRL,CHILDRENS APRON SPACEBOY DESIGN,LUNCH BAG APPLE DESIGN,LUNCH BAG SPACEBOY DESIGN,PLASTERS IN TIN SPACEBOY,PLASTERS IN TIN WOODLAND ANIMALS,RED TOADSTOOL LED NIGHT LIGHT,RETROSPOT CHILDRENS APRON,SPACEBOY BIRTHDAY CARD,SPACEBOY CHILDRENS BOWL,WOODLAND CHARLOTTE BAG"
UCI-FRANCE-562450,"CHARLOTTE BAG APPLES DESIGN,CHARLOTTE BAG DOLLY GIRL DESIGN,JUMBO BAG SPACEBOY DESIGN,JUMBO BAG WOODLAND ANIMALS,LUNCH BAG DOLLY GIRL DESIGN,RETROSPOT TEA SET CERAMIC 11 PC,ROUND SNACK BOXES SET OF4 WOODLAND,WOODLAND CHARLOTTE BAG"
UCI-FRANCE-562520,"PAPER BUNTING RETROSPOT,SET/20 RED RETROSPOT PAPER NAPKINS,SET/6 RED SPOTTY PAPER CUPS,SET/6 RED SPOTTY PAPER PLATES,SMALL RED RETROSPOT WINDMILL"
UCI-FRANCE-562894,"RED TOADSTOOL LED NIGHT LIGHT,RETROSPOT TEA SET CERAMIC 11 PC,SET/10 RED POLKADOT PARTY CANDLES,SET/20 RED RETROSPOT PAPER NAPKINS,SET/6 RED SPOTTY PAPER CUPS,SET/6 RED SPOTTY PAPER PLATES"
UCI-FRANCE-563189,"ASSORTED COLOUR MINI CASES,GUMBALL COAT RACK,JAM MAKING SET PRINTED,LUNCH BAG VINTAGE DOILY,LUNCH BOX WITH CUTLERY RETROSPOT,PARTY BUNTING,RED RETROSPOT MINI CASES,ROUND SNACK BOXES SET OF 4 FRUITS,ROUND SNACK BOXES SET OF4 WOODLAND,STRAWBERRY LUNCH BOX WITH CUTLERY,WATERING CAN PINK BUNNY"
UCI-FRANCE-563288,"CHILDREN'S APRON DOLLY GIRL,CHILDRENS APRON SPACEBOY DESIGN,LUNCH BAG APPLE DESIGN,LUNCH BAG DOLLY GIRL DESIGN,LUNCH BAG RED RETROSPOT,LUNCH BAG SPACEBOY DESIGN,LUNCH BAG SUKI DESIGN,LUNCH BAG VINTAGE DOILY,LUNCH BAG WOODLAND,MINI PAINT SET VINTAGE,REGENCY CAKESTAND 3 TIER,ROUND SNACK BOXES SET OF4 WOODLAND,SPACEBOY CHILDRENS BOWL,SPACEBOY LUNCH BOX"
UCI-FRANCE-563662,"BAKING SET 9 PIECE RETROSPOT,CHILDRENS CUTLERY DOLLY GIRL,CHILDRENS CUTLERY SPACEBOY,PLASTERS IN TIN SPACEBOY,PLASTERS IN TIN WOODLAND ANIMALS,POPPY'S PLAYHOUSE KITCHEN,RED RETROSPOT CHARLOTTE BAG,WOODLAND CHARLOTTE BAG"
UCI-FRANCE-563712,"ALARM CLOCK BAKELIKE PINK,ALARM CLOCK BAKELIKE RED,CHILDREN'S APRON DOLLY GIRL,CHILDRENS APRON SPACEBOY DESIGN,CHILDRENS CUTLERY DOLLY GIRL,CHILDRENS CUTLERY SPACEBOY,DOLLY GIRL LUNCH BOX,PLASTERS IN TIN STRONGMAN,ROUND SNACK BOXES SET OF4 WOODLAND,SPACEBOY BIRTHDAY CARD,SPACEBOY LUNCH BOX"
UCI-FRANCE-563753,"CHARLOTTE BAG PINK POLKADOT,JAM MAKING SET PRINTED,JUMBO BAG WOODLAND ANIMALS,LUNCH BAG SUKI DESIGN,LUNCH BAG WOODLAND,PACK OF 6 SKULL PAPER CUPS,PACK OF 6 SKULL PAPER PLATES,PLASTERS IN TIN SKULLS,PLASTERS IN TIN WOODLAND ANIMALS,SET OF 9 BLACK SKULL BALLOONS,SET OF 9 HEART SHAPED BALLOONS,SET/10 RED POLKADOT PARTY CANDLES,SET/20 RED RETROSPOT PAPER NAPKINS,SKULL LUNCH BOX WITH CUTLERY,STRAWBERRY LUNCH BOX WITH CUTLERY,WOODLAND CHARLOTTE BAG"
UCI-FRANCE-563897,"BAKING SET 9 PIECE RETROSPOT,RETROSPOT TEA SET CERAMIC 11 PC"
UCI-FRANCE-563926,"JUMBO BAG RED RETROSPOT,JUMBO BAG SPACEBOY DESIGN,PLASTERS IN TIN CIRCUS PARADE,PLASTERS IN TIN SKULLS,PLASTERS IN TIN WOODLAND ANIMALS,RED RETROSPOT PICNIC BAG,RED TOADSTOOL LED NIGHT LIGHT,RETROSPOT TEA SET CERAMIC 11 PC,SET OF 9 BLACK SKULL BALLOONS,SET OF 9 HEART SHAPED BALLOONS"
UCI-FRANCE-564159,"DOLLY GIRL LUNCH BOX,LUNCH BAG SPACEBOY DESIGN,LUNCH BAG WOODLAND,SPACEBOY LUNCH BOX"
UCI-FRANCE-564173,"CIRCUS PARADE CHILDRENS EGG CUP,CIRCUS PARADE LUNCH BOX,DOLLY GIRL LUNCH BOX,LUNCH BAG APPLE DESIGN,LUNCH BAG RED RETROSPOT,LUNCH BAG SPACEBOY DESIGN,LUNCH BOX I LOVE LONDON,MINI PAINT SET VINTAGE,PLASTERS IN TIN CIRCUS PARADE,PLASTERS IN TIN SPACEBOY,RED RETROSPOT PICNIC BAG,ROUND SNACK BOXES SET OF4 WOODLAND,WATERING CAN PINK BUNNY"
UCI-FRANCE-564226,"RETROSPOT TEA SET CERAMIC 11 PC,SET/20 RED RETROSPOT PAPER NAPKINS"
UCI-FRANCE-564372,"ASSORTED COLOUR MINI CASES,LUNCH BAG APPLE DESIGN,LUNCH BAG RED RETROSPOT,LUNCH BAG SPACEBOY DESIGN,LUNCH BAG SUKI DESIGN,LUNCH BAG VINTAGE DOILY,PLASTERS IN TIN CIRCUS PARADE,PLASTERS IN TIN SPACEBOY,RED RETROSPOT MINI CASES,RED RETROSPOT PICNIC BAG,RED TOADSTOOL LED NIGHT LIGHT,ROUND SNACK BOXES SET OF 4 FRUITS,ROUND SNACK BOXES SET OF4 WOODLAND,SPACEBOY BIRTHDAY CARD,SPACEBOY CHILDRENS BOWL,TEA PARTY BIRTHDAY CARD"
UCI-FRANCE-564471,"RETROSPOT CHILDRENS APRON,ROUND SNACK BOXES SET OF4 WOODLAND,SET/20 RED RETROSPOT PAPER NAPKINS,SET/6 RED SPOTTY PAPER CUPS,SET/6 RED SPOTTY PAPER PLATES"
UCI-FRANCE-564479,"JUMBO BAG APPLES,JUMBO BAG RED RETROSPOT,JUMBO BAG SPACEBOY DESIGN,LUNCH BAG APPLE DESIGN,LUNCH BAG SPACEBOY DESIGN,LUNCH BAG VINTAGE DOILY,PLASTERS IN TIN CIRCUS PARADE,PLASTERS IN TIN SPACEBOY,PLASTERS IN TIN WOODLAND ANIMALS,RED TOADSTOOL LED NIGHT LIGHT,WATERING CAN PINK BUNNY"
UCI-FRANCE-564531,"CIRCUS PARADE LUNCH BOX,REGENCY CAKESTAND 3 TIER,SPACEBOY LUNCH BOX"
UCI-FRANCE-564670,"CIRCUS PARADE CHILDRENS EGG CUP,CIRCUS PARADE LUNCH BOX,PACK OF 20 NAPKINS RED APPLES,PACK OF 6 SKULL PAPER CUPS,PACK OF 6 SKULL PAPER PLATES,PARTY BUNTING,REGENCY CAKESTAND 3 TIER,SET OF 2 TEA TOWELS APPLE AND PEARS,SET OF 9 BLACK SKULL BALLOONS,SET OF 9 HEART SHAPED BALLOONS,SET/20 RED RETROSPOT PAPER NAPKINS,SET/6 RED SPOTTY PAPER CUPS,SET/6 RED SPOTTY PAPER PLATES"
UCI-FRANCE-564897,"ALARM CLOCK BAKELIKE GREEN,ALARM CLOCK BAKELIKE PINK,PLASTERS IN TIN CIRCUS PARADE,PLASTERS IN TIN SPACEBOY,PLASTERS IN TIN WOODLAND ANIMALS,RABBIT NIGHT LIGHT"
UCI-FRANCE-564912,"JUMBO BAG APPLES,JUMBO BAG RED RETROSPOT,JUMBO BAG SPACEBOY DESIGN,JUMBO BAG WOODLAND ANIMALS,LUNCH BOX WITH CUTLERY RETROSPOT,PAPER BUNTING RETROSPOT,RABBIT NIGHT LIGHT,RED RETROSPOT CUP,RED TOADSTOOL LED NIGHT LIGHT,SET/20 RED RETROSPOT PAPER NAPKINS"
UCI-FRANCE-565239,"CIRCUS PARADE LUNCH BOX,LUNCH BAG APPLE DESIGN,LUNCH BAG RED RETROSPOT,LUNCH BAG SPACEBOY DESIGN,LUNCH BAG WOODLAND,LUNCH BOX I LOVE LONDON,LUNCH BOX WITH CUTLERY RETROSPOT,RABBIT NIGHT LIGHT,RED TOADSTOOL LED NIGHT LIGHT,REVOLVER WOODEN RULER,SPACEBOY LUNCH BOX,STRAWBERRY LUNCH BOX WITH CUTLERY"
UCI-FRANCE-565321,"PACK OF 6 SKULL PAPER CUPS,RED RETROSPOT CAKE STAND,REGENCY CAKESTAND 3 TIER,RETROSPOT PARTY BAG + STICKER SET,SET/10 RED POLKADOT PARTY CANDLES,SET/20 RED RETROSPOT PAPER NAPKINS,SKULL LUNCH BOX WITH CUTLERY"
UCI-FRANCE-565443,"CHILDRENS CUTLERY DOLLY GIRL,CHILDRENS CUTLERY SPACEBOY,MINI PAINT SET VINTAGE,PARTY BUNTING,PLASTERS IN TIN WOODLAND ANIMALS,RED HARMONICA IN BOX,RED TOADSTOOL LED NIGHT LIGHT,REGENCY CAKESTAND 3 TIER,ROUND SNACK BOXES SET OF4 WOODLAND,SET OF 2 TEA TOWELS APPLE AND PEARS,SET/10 RED POLKADOT PARTY CANDLES,SPACEBOY CHILDRENS BOWL"
UCI-FRANCE-565612,"ASSORTED COLOUR MINI CASES,CHILDREN'S APRON DOLLY GIRL,CHILDRENS APRON SPACEBOY DESIGN,PLASTERS IN TIN CIRCUS PARADE,PLASTERS IN TIN SPACEBOY,PLASTERS IN TIN STRONGMAN,PLASTERS IN TIN WOODLAND ANIMALS,RED RETROSPOT MINI CASES,RETROSPOT CHILDRENS APRON,SPACEBOY CHILDRENS BOWL"
UCI-FRANCE-565801,"ALARM CLOCK BAKELIKE GREEN,CHARLOTTE BAG DOLLY GIRL DESIGN,DOLLY GIRL LUNCH BOX,JAM MAKING SET PRINTED,JUMBO BAG WOODLAND ANIMALS,LUNCH BAG SPACEBOY DESIGN,LUNCH BAG VINTAGE DOILY,LUNCH BAG WOODLAND,PLASTERS IN TIN SPACEBOY,PLASTERS IN TIN WOODLAND ANIMALS,REGENCY CAKESTAND 3 TIER,ROUND SNACK BOXES SET OF4 WOODLAND"
UCI-FRANCE-565854,"BLUE HARMONICA IN BOX,CHILDRENS APRON SPACEBOY DESIGN,CHILDRENS CUTLERY DOLLY GIRL,CHILDRENS CUTLERY SPACEBOY,LUNCH BAG APPLE DESIGN,LUNCH BAG RED RETROSPOT,LUNCH BAG SPACEBOY DESIGN,LUNCH BAG WOODLAND,RED HARMONICA IN BOX,RED RETROSPOT PICNIC BAG,RED TOADSTOOL LED NIGHT LIGHT,ROUND SNACK BOXES SET OF 4 FRUITS,ROUND SNACK BOXES SET OF4 WOODLAND,SET/10 RED POLKADOT PARTY CANDLES,SET/20 RED RETROSPOT PAPER NAPKINS,SET/6 RED SPOTTY PAPER CUPS,SET/6 RED SPOTTY PAPER PLATES,SPACEBOY BIRTHDAY CARD,SPACEBOY CHILDRENS BOWL,SPACEBOY LUNCH BOX,TEA PARTY BIRTHDAY CARD"
UCI-FRANCE-565865,"ALARM CLOCK BAKELIKE GREEN,ALARM CLOCK BAKELIKE PINK,ALARM CLOCK BAKELIKE RED,CHARLOTTE BAG APPLES DESIGN,CHARLOTTE BAG DOLLY GIRL DESIGN,CHARLOTTE BAG PINK POLKADOT,CHILDRENS CUTLERY DOLLY GIRL,CHILDRENS CUTLERY SPACEBOY,CIRCUS PARADE LUNCH BOX,COFFEE MUG APPLES DESIGN,JUMBO BAG APPLES,JUMBO BAG SPACEBOY DESIGN,LUNCH BAG APPLE DESIGN,LUNCH BAG DOLLY GIRL DESIGN,LUNCH BAG SPACEBOY DESIGN,LUNCH BAG VINTAGE DOILY,LUNCH BOX I LOVE LONDON,LUNCH BOX WITH CUTLERY RETROSPOT,MINI PAINT SET VINTAGE,PLASTERS IN TIN CIRCUS PARADE,PLASTERS IN TIN SPACEBOY,PLASTERS IN TIN WOODLAND ANIMALS,RED RETROSPOT CHARLOTTE BAG,RED RETROSPOT CHILDRENS UMBRELLA,RED RETROSPOT MINI CASES,ROUND SNACK BOXES SET OF4 WOODLAND,SET/20 RED RETROSPOT PAPER NAPKINS,SET/6 RED SPOTTY PAPER CUPS,SET/6 RED SPOTTY PAPER PLATES,SKULL LUNCH BOX WITH CUTLERY,SPACEBOY BIRTHDAY CARD,SPACEBOY CHILDRENS BOWL"
UCI-FRANCE-565930,"ALARM CLOCK BAKELIKE GREEN,ALARM CLOCK BAKELIKE PINK,ALARM CLOCK BAKELIKE RED,BAKING SET 9 PIECE RETROSPOT,JUMBO BAG WOODLAND ANIMALS,PLASTERS IN TIN SPACEBOY,PLASTERS IN TIN WOODLAND ANIMALS,POPPY'S PLAYHOUSE KITCHEN,RETROSPOT PARTY BAG + STICKER SET,SPACEBOY BIRTHDAY CARD,TEA PARTY BIRTHDAY CARD"
UCI-FRANCE-565931,"DOLLY GIRL LUNCH BOX,PLASTERS IN TIN SPACEBOY,SPACEBOY CHILDRENS BOWL,SPACEBOY LUNCH BOX"
UCI-FRANCE-566115,"ALARM CLOCK BAKELIKE GREEN,ALARM CLOCK BAKELIKE PINK,ALARM CLOCK BAKELIKE RED,CHILDRENS CUTLERY DOLLY GIRL,CHILDRENS CUTLERY SPACEBOY,ROUND SNACK BOXES SET OF4 WOODLAND,SPACEBOY BIRTHDAY CARD,SPACEBOY CHILDRENS BOWL"
UCI-FRANCE-566163,"ALARM CLOCK BAKELIKE GREEN,ALARM CLOCK BAKELIKE PINK,ALARM CLOCK BAKELIKE RED,CHARLOTTE BAG APPLES DESIGN,CHARLOTTE BAG DOLLY GIRL DESIGN,CHARLOTTE BAG PINK POLKADOT,CHILDRENS CUTLERY DOLLY GIRL,CHILDRENS CUTLERY SPACEBOY,CIRCUS PARADE LUNCH BOX,COFFEE MUG APPLES DESIGN,JUMBO BAG APPLES,JUMBO BAG SPACEBOY DESIGN,LUNCH BAG APPLE DESIGN,LUNCH BAG DOLLY GIRL DESIGN,LUNCH BAG SPACEBOY DESIGN,LUNCH BAG VINTAGE DOILY,LUNCH BOX I LOVE LONDON,LUNCH BOX WITH CUTLERY RETROSPOT,MINI PAINT SET VINTAGE,PLASTERS IN TIN CIRCUS PARADE,PLASTERS IN TIN SPACEBOY,PLASTERS IN TIN WOODLAND ANIMALS,RED RETROSPOT CHARLOTTE BAG,RED RETROSPOT CHILDRENS UMBRELLA,RED RETROSPOT MINI CASES,ROUND SNACK BOXES SET OF4 WOODLAND,SET/20 RED RETROSPOT PAPER NAPKINS,SET/6 RED SPOTTY PAPER CUPS,SET/6 RED SPOTTY PAPER PLATES,SKULL LUNCH BOX WITH CUTLERY,SPACEBOY BIRTHDAY CARD,SPACEBOY CHILDRENS BOWL"
UCI-FRANCE-566256,"ALARM CLOCK BAKELIKE GREEN,RED RETROSPOT CHILDRENS UMBRELLA"
UCI-FRANCE-566736,"PACK OF 20 NAPKINS RED APPLES,PACK OF 6 SKULL PAPER CUPS,PACK OF 6 SKULL PAPER PLATES,SET OF 9 BLACK SKULL BALLOONS,SET/20 RED RETROSPOT PAPER NAPKINS,SET/6 RED SPOTTY PAPER CUPS,SET/6 RED SPOTTY PAPER PLATES"
UCI-FRANCE-566816,"BLUE HARMONICA IN BOX,CHILDREN'S APRON DOLLY GIRL,CHILDRENS APRON SPACEBOY DESIGN,LUNCH BAG DOLLY GIRL DESIGN,LUNCH BAG RED RETROSPOT,LUNCH BAG SPACEBOY DESIGN,MINI PAINT SET VINTAGE,RED HARMONICA IN BOX,REGENCY CAKESTAND 3 TIER,SPACEBOY LUNCH BOX"
UCI-FRANCE-566873,"CIRCUS PARADE LUNCH BOX,DOLLY GIRL LUNCH BOX,LUNCH BAG RED RETROSPOT,PACK OF 72 RETROSPOT CAKE CASES,RED RETROSPOT CHILDRENS UMBRELLA,RED TOADSTOOL LED NIGHT LIGHT,SET/20 RED RETROSPOT PAPER NAPKINS,SET/6 RED SPOTTY PAPER CUPS,SET/6 RED SPOTTY PAPER PLATES,SPACEBOY BIRTHDAY CARD,TEA PARTY BIRTHDAY CARD"
UCI-FRANCE-567191,"CHARLOTTE BAG DOLLY GIRL DESIGN,DOLLY GIRL LUNCH BOX,LUNCH BAG APPLE DESIGN,LUNCH BAG RED RETROSPOT,LUNCH BAG SPACEBOY DESIGN,LUNCH BAG SUKI DESIGN,LUNCH BAG VINTAGE DOILY,RED TOADSTOOL LED NIGHT LIGHT,SPACEBOY LUNCH BOX"
UCI-FRANCE-567293,"ALARM CLOCK BAKELIKE GREEN,ALARM CLOCK BAKELIKE RED,ASSORTED COLOUR MINI CASES,GUMBALL COAT RACK,JAM MAKING SET PRINTED,REGENCY CAKESTAND 3 TIER"
UCI-FRANCE-567296,"ASSORTED COLOUR MINI CASES,LUNCH BAG RED RETROSPOT,LUNCH BAG VINTAGE DOILY,LUNCH BAG WOODLAND,RED RETROSPOT MINI CASES,TEA PARTY BIRTHDAY CARD"
UCI-FRANCE-567300,"CHILDRENS CUTLERY DOLLY GIRL,CHILDRENS CUTLERY SPACEBOY,CIRCUS PARADE LUNCH BOX,DOLLY GIRL LUNCH BOX,LUNCH BOX I LOVE LONDON,ROUND SNACK BOXES SET OF4 WOODLAND,SPACEBOY LUNCH BOX,STRAWBERRY LUNCH BOX WITH CUTLERY"
UCI-FRANCE-567380,"CHARLOTTE BAG APPLES DESIGN,RED RETROSPOT CHARLOTTE BAG"
UCI-FRANCE-567552,"ALARM CLOCK BAKELIKE GREEN,ALARM CLOCK BAKELIKE PINK,ALARM CLOCK BAKELIKE RED,LUNCH BOX I LOVE LONDON,MINI PAINT SET VINTAGE,RED TOADSTOOL LED NIGHT LIGHT,RETROSPOT PARTY BAG + STICKER SET,ROUND SNACK BOXES SET OF4 WOODLAND"
UCI-FRANCE-567618,"CHILDREN'S APRON DOLLY GIRL,CHILDRENS APRON SPACEBOY DESIGN,JUMBO BAG SPACEBOY DESIGN,LUNCH BAG RED RETROSPOT,RED HARMONICA IN BOX"
UCI-FRANCE-567793,"CHARLOTTE BAG APPLES DESIGN,LUNCH BAG VINTAGE DOILY,PACK OF 72 RETROSPOT CAKE CASES,REGENCY CAKESTAND 3 TIER,TABLECLOTH RED APPLES DESIGN"
UCI-FRANCE-567910,"PACK OF 6 SKULL PAPER CUPS,PACK OF 6 SKULL PAPER PLATES,PAPER BUNTING RETROSPOT,PARTY BUNTING,SET OF 9 HEART SHAPED BALLOONS"
UCI-FRANCE-567915,"ASSORTED COLOUR MINI CASES,CHARLOTTE BAG APPLES DESIGN,CHARLOTTE BAG DOLLY GIRL DESIGN,PLASTERS IN TIN SPACEBOY,PLASTERS IN TIN WOODLAND ANIMALS,RED RETROSPOT CHILDRENS UMBRELLA,RED RETROSPOT MINI CASES,REGENCY CAKESTAND 3 TIER,SMALL RED RETROSPOT WINDMILL,SPACEBOY CHILDRENS BOWL,WATERING CAN PINK BUNNY,WOODLAND CHARLOTTE BAG"
UCI-FRANCE-568040,"CHARLOTTE BAG APPLES DESIGN,CHARLOTTE BAG PINK POLKADOT,GUMBALL COAT RACK,PLASTERS IN TIN CIRCUS PARADE,PLASTERS IN TIN STRONGMAN,PLASTERS IN TIN WOODLAND ANIMALS,RED RETROSPOT CHARLOTTE BAG,RED RETROSPOT CHILDRENS UMBRELLA,RED RETROSPOT MINI CASES,RED TOADSTOOL LED NIGHT LIGHT,SET/10 RED POLKADOT PARTY CANDLES,STRAWBERRY LUNCH BOX WITH CUTLERY,TABLECLOTH RED APPLES DESIGN,TEA PARTY BIRTHDAY CARD"
UCI-FRANCE-568137,"ASSORTED COLOUR MINI CASES,POPPY'S PLAYHOUSE KITCHEN,RED RETROSPOT MINI CASES,RED TOADSTOOL LED NIGHT LIGHT,RETROSPOT TEA SET CERAMIC 11 PC,REVOLVER WOODEN RULER"
UCI-FRANCE-568176,"ALARM CLOCK BAKELIKE GREEN,ALARM CLOCK BAKELIKE PINK,LUNCH BAG VINTAGE DOILY,REGENCY CAKESTAND 3 TIER,ROUND SNACK BOXES SET OF4 WOODLAND"
UCI-FRANCE-568518,"ALARM CLOCK BAKELIKE GREEN,ALARM CLOCK BAKELIKE PINK,ALARM CLOCK BAKELIKE RED,DOLLY GIRL LUNCH BOX,PLASTERS IN TIN CIRCUS PARADE,PLASTERS IN TIN STRONGMAN,SPACEBOY LUNCH BOX"
UCI-FRANCE-568645,"ALARM CLOCK BAKELIKE GREEN,ALARM CLOCK BAKELIKE PINK,ALARM CLOCK BAKELIKE RED,DOLLY GIRL LUNCH BOX,JUMBO BAG RED RETROSPOT,JUMBO BAG SPACEBOY DESIGN,JUMBO BAG WOODLAND ANIMALS,LUNCH BAG APPLE DESIGN,LUNCH BAG DOLLY GIRL DESIGN,LUNCH BAG RED RETROSPOT,LUNCH BAG SPACEBOY DESIGN,LUNCH BAG SUKI DESIGN,LUNCH BAG WOODLAND,PLASTERS IN TIN SPACEBOY,PLASTERS IN TIN WOODLAND ANIMALS,RETROSPOT TEA SET CERAMIC 11 PC,SPACEBOY LUNCH BOX"
UCI-FRANCE-568798,"ASSORTED COLOUR MINI CASES,BLUE HARMONICA IN BOX,DOLLY GIRL LUNCH BOX,JAM MAKING SET PRINTED,JUMBO BAG RED RETROSPOT,JUMBO BAG WOODLAND ANIMALS,LUNCH BAG RED RETROSPOT,LUNCH BOX WITH CUTLERY RETROSPOT,RED HARMONICA IN BOX,RED RETROSPOT MINI CASES,RED TOADSTOOL LED NIGHT LIGHT,REVOLVER WOODEN RULER,SPACEBOY LUNCH BOX"
UCI-FRANCE-568953,"GUMBALL COAT RACK,JAM MAKING SET PRINTED"
UCI-FRANCE-568994,"CHARLOTTE BAG APPLES DESIGN,CHARLOTTE BAG DOLLY GIRL DESIGN,DOLLY GIRL LUNCH BOX,PLASTERS IN TIN CIRCUS PARADE,PLASTERS IN TIN SPACEBOY,PLASTERS IN TIN WOODLAND ANIMALS,RED RETROSPOT CHARLOTTE BAG,WOODLAND CHARLOTTE BAG"
UCI-FRANCE-569097,"DOLLY GIRL LUNCH BOX,LUNCH BAG DOLLY GIRL DESIGN,LUNCH BAG RED RETROSPOT,LUNCH BAG SPACEBOY DESIGN,LUNCH BOX WITH CUTLERY RETROSPOT,PLASTERS IN TIN SKULLS,PLASTERS IN TIN SPACEBOY,PLASTERS IN TIN STRONGMAN,PLASTERS IN TIN WOODLAND ANIMALS,POPPY'S PLAYHOUSE KITCHEN,RED RETROSPOT CHILDRENS UMBRELLA,RETROSPOT CHILDRENS APRON,SKULL LUNCH BOX WITH CUTLERY"
UCI-FRANCE-569120,"LUNCH BOX WITH CUTLERY RETROSPOT,PAPER BUNTING RETROSPOT,RED RETROSPOT MINI CASES,RETROSPOT CHILDRENS APRON,SPACEBOY LUNCH BOX,STRAWBERRY LUNCH BOX WITH CUTLERY"
UCI-FRANCE-569122,"4 TRADITIONAL SPINNING TOPS,MINI PAINT SET VINTAGE,RED RETROSPOT CAKE STAND,REGENCY CAKESTAND 3 TIER,SET/20 RED RETROSPOT PAPER NAPKINS,SET/6 RED SPOTTY PAPER CUPS,SET/6 RED SPOTTY PAPER PLATES"
UCI-FRANCE-569332,"BAKING SET 9 PIECE RETROSPOT,CIRCUS PARADE LUNCH BOX,JUMBO BAG APPLES,JUMBO BAG RED RETROSPOT,JUMBO BAG SPACEBOY DESIGN,LUNCH BAG APPLE DESIGN,LUNCH BAG DOLLY GIRL DESIGN,LUNCH BAG RED RETROSPOT,LUNCH BAG SPACEBOY DESIGN,LUNCH BAG SUKI DESIGN,LUNCH BAG VINTAGE DOILY,LUNCH BAG WOODLAND,LUNCH BOX I LOVE LONDON,PLASTERS IN TIN CIRCUS PARADE,PLASTERS IN TIN SKULLS,PLASTERS IN TIN SPACEBOY,PLASTERS IN TIN STRONGMAN,PLASTERS IN TIN WOODLAND ANIMALS,ROUND SNACK BOXES SET OF 4 FRUITS,ROUND SNACK BOXES SET OF4 WOODLAND,SPACEBOY LUNCH BOX"
UCI-FRANCE-569402,"BAKING SET 9 PIECE RETROSPOT,CHARLOTTE BAG PINK POLKADOT,JUMBO BAG RED RETROSPOT,PLASTERS IN TIN STRONGMAN,RED RETROSPOT CHARLOTTE BAG,ROUND SNACK BOXES SET OF4 WOODLAND"
UCI-FRANCE-569568,"ALARM CLOCK BAKELIKE GREEN,ALARM CLOCK BAKELIKE PINK,ALARM CLOCK BAKELIKE RED,CHARLOTTE BAG APPLES DESIGN,CHARLOTTE BAG DOLLY GIRL DESIGN,CHILDREN'S APRON DOLLY GIRL,CHILDRENS CUTLERY DOLLY GIRL,CIRCUS PARADE CHILDRENS EGG CUP,DOLLY GIRL LUNCH BOX,JUMBO BAG APPLES,JUMBO BAG RED RETROSPOT,LUNCH BAG APPLE DESIGN,LUNCH BAG RED RETROSPOT,LUNCH BAG SPACEBOY DESIGN,LUNCH BOX I LOVE LONDON,LUNCH BOX WITH CUTLERY RETROSPOT,PARTY BUNTING,PLASTERS IN TIN CIRCUS PARADE,PLASTERS IN TIN SPACEBOY,RED HARMONICA IN BOX,RED RETROSPOT MINI CASES,REGENCY CAKESTAND 3 TIER,ROUND SNACK BOXES SET OF 4 FRUITS,ROUND SNACK BOXES SET OF4 WOODLAND,SET OF 2 TEA TOWELS APPLE AND PEARS,SKULL LUNCH BOX WITH CUTLERY,SPACEBOY LUNCH BOX,STRAWBERRY LUNCH BOX WITH CUTLERY,TABLECLOTH RED APPLES DESIGN"
UCI-FRANCE-569699,"DOLLY GIRL LUNCH BOX,LUNCH BOX I LOVE LONDON,RED RETROSPOT CAKE STAND,TEA PARTY BIRTHDAY CARD"
UCI-FRANCE-570020,"ALARM CLOCK BAKELIKE PINK,PLASTERS IN TIN SKULLS,RED HARMONICA IN BOX,REVOLVER WOODEN RULER,SET OF 9 BLACK SKULL BALLOONS"
UCI-FRANCE-570030,"CHILDRENS CUTLERY DOLLY GIRL,CHILDRENS CUTLERY SPACEBOY,GUMBALL COAT RACK,PACK OF 6 SKULL PAPER CUPS,PACK OF 6 SKULL PAPER PLATES,PACK OF 72 RETROSPOT CAKE CASES,PAPER BUNTING RETROSPOT,PLASTERS IN TIN SKULLS,PLASTERS IN TIN STRONGMAN,PLASTERS IN TIN WOODLAND ANIMALS,RED RETROSPOT MINI CASES,SET OF 9 BLACK SKULL BALLOONS,SET/20 RED RETROSPOT PAPER NAPKINS,SET/6 RED SPOTTY PAPER CUPS,SET/6 RED SPOTTY PAPER PLATES,WATERING CAN PINK BUNNY"
UCI-FRANCE-570409,"CIRCUS PARADE CHILDRENS EGG CUP,JUMBO BAG APPLES,LUNCH BAG VINTAGE DOILY,LUNCH BOX WITH CUTLERY RETROSPOT,PACK OF 72 RETROSPOT CAKE CASES,RED TOADSTOOL LED NIGHT LIGHT,SET OF 9 HEART SHAPED BALLOONS"
UCI-FRANCE-570672,"4 TRADITIONAL SPINNING TOPS,BAKING SET 9 PIECE RETROSPOT,CHARLOTTE BAG APPLES DESIGN,CHARLOTTE BAG PINK POLKADOT,JUMBO BAG RED RETROSPOT,LUNCH BOX I LOVE LONDON,PACK OF 72 RETROSPOT CAKE CASES,PLASTERS IN TIN CIRCUS PARADE,PLASTERS IN TIN SPACEBOY,PLASTERS IN TIN STRONGMAN,PLASTERS IN TIN WOODLAND ANIMALS,POPPY'S PLAYHOUSE KITCHEN,RED HARMONICA IN BOX,RED RETROSPOT CHARLOTTE BAG,RED RETROSPOT CHILDRENS UMBRELLA,RED RETROSPOT MINI CASES,REGENCY CAKESTAND 3 TIER,RETROSPOT TEA SET CERAMIC 11 PC,ROUND SNACK BOXES SET OF 4 FRUITS,ROUND SNACK BOXES SET OF4 WOODLAND,SET/10 RED POLKADOT PARTY CANDLES,WOODLAND CHARLOTTE BAG"
UCI-FRANCE-570823,"CHILDRENS CUTLERY DOLLY GIRL,CHILDRENS CUTLERY SPACEBOY,GUMBALL COAT RACK,SPACEBOY CHILDRENS BOWL,STRAWBERRY LUNCH BOX WITH CUTLERY"
UCI-FRANCE-570841,"JUMBO BAG APPLES,JUMBO BAG RED RETROSPOT,JUMBO BAG WOODLAND ANIMALS,LUNCH BAG APPLE DESIGN,LUNCH BAG RED RETROSPOT,PAPER BUNTING RETROSPOT,PLASTERS IN TIN WOODLAND ANIMALS,RED RETROSPOT CHARLOTTE BAG,RED RETROSPOT PICNIC BAG,RED TOADSTOOL LED NIGHT LIGHT"
UCI-FRANCE-570879,"ALARM CLOCK BAKELIKE GREEN,ALARM CLOCK BAKELIKE RED,JUMBO BAG RED RETROSPOT,JUMBO BAG WOODLAND ANIMALS"
UCI-FRANCE-571240,"ALARM CLOCK BAKELIKE PINK,JUMBO BAG APPLES,JUMBO BAG RED RETROSPOT,JUMBO BAG WOODLAND ANIMALS,LUNCH BAG APPLE DESIGN,LUNCH BAG DOLLY GIRL DESIGN,LUNCH BAG RED RETROSPOT,LUNCH BAG SPACEBOY DESIGN,LUNCH BAG SUKI DESIGN,LUNCH BAG VINTAGE DOILY,LUNCH BAG WOODLAND"
UCI-FRANCE-571864,"MINI PAINT SET VINTAGE,PLASTERS IN TIN SKULLS,PLASTERS IN TIN STRONGMAN,REGENCY CAKESTAND 3 TIER,RETROSPOT TEA SET CERAMIC 11 PC"
UCI-FRANCE-571923,"ALARM CLOCK BAKELIKE GREEN,ALARM CLOCK BAKELIKE PINK,ALARM CLOCK BAKELIKE RED,BAKING SET 9 PIECE RETROSPOT,RED RETROSPOT CAKE STAND"
UCI-FRANCE-572087,"CIRCUS PARADE LUNCH BOX,DOLLY GIRL LUNCH BOX,LUNCH BOX WITH CUTLERY RETROSPOT,PACK OF 6 SKULL PAPER CUPS,PACK OF 6 SKULL PAPER PLATES,REGENCY CAKESTAND 3 TIER,SET/10 RED POLKADOT PARTY CANDLES,SET/20 RED RETROSPOT PAPER NAPKINS,SET/6 RED SPOTTY PAPER CUPS,SET/6 RED SPOTTY PAPER PLATES,STRAWBERRY LUNCH BOX WITH CUTLERY"
UCI-FRANCE-572986,"CHARLOTTE BAG APPLES DESIGN,JAM MAKING SET PRINTED,PLASTERS IN TIN CIRCUS PARADE,PLASTERS IN TIN WOODLAND ANIMALS,RED TOADSTOOL LED NIGHT LIGHT,SET OF 2 TEA TOWELS APPLE AND PEARS"
UCI-FRANCE-573036,"MINI LIGHTS WOODLAND MUSHROOMS,RABBIT NIGHT LIGHT,RED TOADSTOOL LED NIGHT LIGHT,ROUND SNACK BOXES SET OF4 WOODLAND"
UCI-FRANCE-573153,"ALARM CLOCK BAKELIKE GREEN,ALARM CLOCK BAKELIKE PINK,ALARM CLOCK BAKELIKE RED,BAKING SET 9 PIECE RETROSPOT,BLUE HARMONICA IN BOX,CHILDRENS CUTLERY SPACEBOY,CIRCUS PARADE LUNCH BOX,JAM MAKING SET PRINTED,LUNCH BAG RED RETROSPOT,LUNCH BAG SPACEBOY DESIGN,LUNCH BAG VINTAGE DOILY,LUNCH BOX I LOVE LONDON,MINI PAINT SET VINTAGE,PLASTERS IN TIN CIRCUS PARADE,PLASTERS IN TIN SKULLS,PLASTERS IN TIN SPACEBOY,PLASTERS IN TIN STRONGMAN,PLASTERS IN TIN WOODLAND ANIMALS,RABBIT NIGHT LIGHT,RED HARMONICA IN BOX,ROUND SNACK BOXES SET OF 4 FRUITS,ROUND SNACK BOXES SET OF4 WOODLAND,SET/20 RED RETROSPOT PAPER NAPKINS,SET/6 RED SPOTTY PAPER CUPS,SET/6 RED SPOTTY PAPER PLATES,SPACEBOY LUNCH BOX"
UCI-FRANCE-573402,"MINI LIGHTS WOODLAND MUSHROOMS,PACK OF 72 RETROSPOT CAKE CASES"
UCI-FRANCE-573428,"MINI LIGHTS WOODLAND MUSHROOMS,MINI PAINT SET VINTAGE,PACK OF 72 RETROSPOT CAKE CASES,PAPER BUNTING RETROSPOT,PLASTERS IN TIN WOODLAND ANIMALS,SET/20 RED RETROSPOT PAPER NAPKINS,SET/6 RED SPOTTY PAPER CUPS,SET/6 RED SPOTTY PAPER PLATES"
UCI-FRANCE-573442,"MINI LIGHTS WOODLAND MUSHROOMS,RABBIT NIGHT LIGHT,RED TOADSTOOL LED NIGHT LIGHT"
UCI-FRANCE-573867,"ALARM CLOCK BAKELIKE GREEN,ALARM CLOCK BAKELIKE PINK,ALARM CLOCK BAKELIKE RED,CHILDRENS CUTLERY DOLLY GIRL,CHILDRENS CUTLERY SPACEBOY,MINI PAINT SET VINTAGE,PACK OF 6 SKULL PAPER CUPS,RABBIT NIGHT LIGHT,RED RETROSPOT MINI CASES,RETROSPOT PARTY BAG + STICKER SET,ROUND SNACK BOXES SET OF4 WOODLAND,SET/6 RED SPOTTY PAPER CUPS,SPACEBOY BIRTHDAY CARD"
UCI-FRANCE-573868,"CHARLOTTE BAG DOLLY GIRL DESIGN,CHILDREN'S APRON DOLLY GIRL,CHILDRENS APRON SPACEBOY DESIGN,DOLLY GIRL LUNCH BOX,RED RETROSPOT CHARLOTTE BAG,RETROSPOT CHILDRENS APRON,RETROSPOT TEA SET CERAMIC 11 PC,ROUND SNACK BOXES SET OF4 WOODLAND,SPACEBOY CHILDRENS BOWL,WOODLAND CHARLOTTE BAG"
UCI-FRANCE-573891,"LUNCH BAG APPLE DESIGN,LUNCH BAG WOODLAND,LUNCH BOX WITH CUTLERY RETROSPOT,MINI LIGHTS WOODLAND MUSHROOMS,PLASTERS IN TIN CIRCUS PARADE,PLASTERS IN TIN WOODLAND ANIMALS,RABBIT NIGHT LIGHT,RED HARMONICA IN BOX,SKULL LUNCH BOX WITH CUTLERY,TEA PARTY BIRTHDAY CARD"
UCI-FRANCE-574068,"CHARLOTTE BAG APPLES DESIGN,JUMBO BAG RED RETROSPOT,PAPER BUNTING RETROSPOT,RABBIT NIGHT LIGHT,RED RETROSPOT CHARLOTTE BAG,ROUND SNACK BOXES SET OF 4 FRUITS,SET OF 2 TEA TOWELS APPLE AND PEARS,TABLECLOTH RED APPLES DESIGN"
UCI-FRANCE-574093,"PACK OF 72 RETROSPOT CAKE CASES,PAPER BUNTING RETROSPOT,RED RETROSPOT CAKE STAND,SET OF 9 HEART SHAPED BALLOONS,SET/10 RED POLKADOT PARTY CANDLES,SPACEBOY BIRTHDAY CARD"
UCI-FRANCE-574104,"ASSORTED COLOUR MINI CASES,RABBIT NIGHT LIGHT"
UCI-FRANCE-574252,"DOLLY GIRL LUNCH BOX,LUNCH BAG WOODLAND,MINI LIGHTS WOODLAND MUSHROOMS,PLASTERS IN TIN WOODLAND ANIMALS,RABBIT NIGHT LIGHT,ROUND SNACK BOXES SET OF4 WOODLAND,SPACEBOY LUNCH BOX"
UCI-FRANCE-574918,"BAKING SET 9 PIECE RETROSPOT,CHILDREN'S APRON DOLLY GIRL,CHILDRENS APRON SPACEBOY DESIGN"
UCI-FRANCE-575049,"CHILDRENS CUTLERY DOLLY GIRL,CHILDRENS CUTLERY SPACEBOY,DOLLY GIRL LUNCH BOX,JUMBO BAG RED RETROSPOT,PLASTERS IN TIN SPACEBOY,PLASTERS IN TIN WOODLAND ANIMALS,RABBIT NIGHT LIGHT,RED TOADSTOOL LED NIGHT LIGHT,RETROSPOT PARTY BAG + STICKER SET,SPACEBOY CHILDRENS BOWL,SPACEBOY LUNCH BOX"
UCI-FRANCE-575067,"ALARM CLOCK BAKELIKE GREEN,ALARM CLOCK BAKELIKE PINK,ALARM CLOCK BAKELIKE RED,CHARLOTTE BAG PINK POLKADOT,MINI LIGHTS WOODLAND MUSHROOMS,MINI PAINT SET VINTAGE,PLASTERS IN TIN STRONGMAN,RED RETROSPOT CHARLOTTE BAG,ROUND SNACK BOXES SET OF 4 FRUITS,ROUND SNACK BOXES SET OF4 WOODLAND,WOODLAND CHARLOTTE BAG"
UCI-FRANCE-575193,"ALARM CLOCK BAKELIKE PINK,ALARM CLOCK BAKELIKE RED,ASSORTED COLOUR MINI CASES,LUNCH BAG SPACEBOY DESIGN,LUNCH BOX WITH CUTLERY RETROSPOT,PLASTERS IN TIN CIRCUS PARADE,PLASTERS IN TIN SKULLS,RABBIT NIGHT LIGHT,RED TOADSTOOL LED NIGHT LIGHT,REGENCY CAKESTAND 3 TIER,ROUND SNACK BOXES SET OF 4 FRUITS,ROUND SNACK BOXES SET OF4 WOODLAND"
UCI-FRANCE-575519,"CHARLOTTE BAG DOLLY GIRL DESIGN,CHILDREN'S APRON DOLLY GIRL,MINI LIGHTS WOODLAND MUSHROOMS,POPPY'S PLAYHOUSE KITCHEN,RABBIT NIGHT LIGHT"
UCI-FRANCE-575584,"JUMBO BAG APPLES,JUMBO BAG RED RETROSPOT,JUMBO BAG WOODLAND ANIMALS,LUNCH BAG VINTAGE DOILY,RED RETROSPOT MINI CASES"
UCI-FRANCE-575629,"PACK OF 6 SKULL PAPER CUPS,PACK OF 6 SKULL PAPER PLATES"
UCI-FRANCE-575671,"ASSORTED COLOUR MINI CASES,CIRCUS PARADE CHILDRENS EGG CUP,MINI LIGHTS WOODLAND MUSHROOMS,PLASTERS IN TIN CIRCUS PARADE,PLASTERS IN TIN SPACEBOY,PLASTERS IN TIN WOODLAND ANIMALS,RABBIT NIGHT LIGHT,RED RETROSPOT MINI CASES,REVOLVER WOODEN RULER,ROUND SNACK BOXES SET OF4 WOODLAND"
UCI-FRANCE-575692,"4 TRADITIONAL SPINNING TOPS,RETROSPOT TEA SET CERAMIC 11 PC"
UCI-FRANCE-575747,"CHILDRENS APRON SPACEBOY DESIGN,REGENCY CAKESTAND 3 TIER,SET/10 RED POLKADOT PARTY CANDLES"
UCI-FRANCE-575759,"BAKING SET 9 PIECE RETROSPOT,PLASTERS IN TIN SPACEBOY"
UCI-FRANCE-575845,"CHARLOTTE BAG APPLES DESIGN,CHARLOTTE BAG DOLLY GIRL DESIGN,PLASTERS IN TIN CIRCUS PARADE,PLASTERS IN TIN SPACEBOY,PLASTERS IN TIN WOODLAND ANIMALS,RABBIT NIGHT LIGHT,RED RETROSPOT CHARLOTTE BAG"
UCI-FRANCE-575880,"4 TRADITIONAL SPINNING TOPS,MINI PAINT SET VINTAGE,PACK OF 20 NAPKINS RED APPLES,PACK OF 6 SKULL PAPER CUPS,PACK OF 6 SKULL PAPER PLATES,RETROSPOT PARTY BAG + STICKER SET,SET OF 9 BLACK SKULL BALLOONS,SET OF 9 HEART SHAPED BALLOONS,SET/10 RED POLKADOT PARTY CANDLES,SET/20 RED RETROSPOT PAPER NAPKINS,SET/6 RED SPOTTY PAPER CUPS,SET/6 RED SPOTTY PAPER PLATES"
UCI-FRANCE-575884,"ALARM CLOCK BAKELIKE GREEN,ALARM CLOCK BAKELIKE PINK,ALARM CLOCK BAKELIKE RED,LUNCH BAG VINTAGE DOILY,MINI LIGHTS WOODLAND MUSHROOMS,RABBIT NIGHT LIGHT"
UCI-FRANCE-576064,"RED RETROSPOT CHARLOTTE BAG,RETROSPOT TEA SET CERAMIC 11 PC,WOODLAND CHARLOTTE BAG"
UCI-FRANCE-576087,"ALARM CLOCK BAKELIKE RED,CHARLOTTE BAG DOLLY GIRL DESIGN,CHILDRENS APRON SPACEBOY DESIGN,JUMBO BAG RED RETROSPOT,JUMBO BAG SPACEBOY DESIGN,JUMBO BAG WOODLAND ANIMALS,LUNCH BAG APPLE DESIGN,LUNCH BAG RED RETROSPOT,LUNCH BAG SPACEBOY DESIGN,LUNCH BAG WOODLAND,MINI LIGHTS WOODLAND MUSHROOMS,PLASTERS IN TIN SPACEBOY,PLASTERS IN TIN WOODLAND ANIMALS,RABBIT NIGHT LIGHT,RED RETROSPOT CHARLOTTE BAG,RED RETROSPOT CHILDRENS UMBRELLA,RED TOADSTOOL LED NIGHT LIGHT,RETROSPOT CHILDRENS APRON,SPACEBOY CHILDRENS BOWL,TEA PARTY BIRTHDAY CARD,WOODLAND CHARLOTTE BAG"
UCI-FRANCE-576222,"BLUE HARMONICA IN BOX,MINI PAINT SET VINTAGE,PACK OF 6 SKULL PAPER CUPS,PACK OF 6 SKULL PAPER PLATES,RABBIT NIGHT LIGHT,RETROSPOT PARTY BAG + STICKER SET,SET OF 9 BLACK SKULL BALLOONS"
UCI-FRANCE-576245,"JUMBO BAG WOODLAND ANIMALS,LUNCH BAG APPLE DESIGN,LUNCH BAG RED RETROSPOT,PLASTERS IN TIN WOODLAND ANIMALS,POPPY'S PLAYHOUSE KITCHEN,RABBIT NIGHT LIGHT,RED TOADSTOOL LED NIGHT LIGHT"
UCI-FRANCE-576399,"CHARLOTTE BAG PINK POLKADOT,CHILDRENS APRON SPACEBOY DESIGN,LUNCH BAG SPACEBOY DESIGN,LUNCH BAG WOODLAND,PLASTERS IN TIN SPACEBOY,RETROSPOT CHILDRENS APRON,RETROSPOT TEA SET CERAMIC 11 PC,REVOLVER WOODEN RULER,WOODLAND CHARLOTTE BAG"
UCI-FRANCE-576672,"LUNCH BAG DOLLY GIRL DESIGN,LUNCH BAG RED RETROSPOT,LUNCH BAG SPACEBOY DESIGN,MINI PAINT SET VINTAGE,PACK OF 72 RETROSPOT CAKE CASES,POPPY'S PLAYHOUSE KITCHEN,RABBIT NIGHT LIGHT,RED RETROSPOT CHILDRENS UMBRELLA,SPACEBOY LUNCH BOX"
UCI-FRANCE-576927,"ALARM CLOCK BAKELIKE GREEN,ALARM CLOCK BAKELIKE PINK,ALARM CLOCK BAKELIKE RED,CHILDRENS CUTLERY DOLLY GIRL,CHILDRENS CUTLERY SPACEBOY,DOLLY GIRL LUNCH BOX,GUMBALL COAT RACK,JUMBO BAG APPLES,JUMBO BAG SPACEBOY DESIGN,JUMBO BAG WOODLAND ANIMALS,LUNCH BAG APPLE DESIGN,LUNCH BAG RED RETROSPOT,LUNCH BAG WOODLAND,LUNCH BOX I LOVE LONDON,LUNCH BOX WITH CUTLERY RETROSPOT,RED RETROSPOT MINI CASES,ROUND SNACK BOXES SET OF 4 FRUITS,ROUND SNACK BOXES SET OF4 WOODLAND,SKULL LUNCH BOX WITH CUTLERY,SPACEBOY CHILDRENS BOWL,SPACEBOY LUNCH BOX"
UCI-FRANCE-576941,"JUMBO BAG APPLES,LUNCH BAG APPLE DESIGN,LUNCH BAG RED RETROSPOT,MINI LIGHTS WOODLAND MUSHROOMS,RABBIT NIGHT LIGHT"
UCI-FRANCE-577121,"CIRCUS PARADE CHILDRENS EGG CUP,LUNCH BOX WITH CUTLERY RETROSPOT,PACK OF 72 RETROSPOT CAKE CASES,PLASTERS IN TIN CIRCUS PARADE,PLASTERS IN TIN STRONGMAN,RABBIT NIGHT LIGHT,RED RETROSPOT CHARLOTTE BAG,RED RETROSPOT CHILDRENS UMBRELLA,RED RETROSPOT CUP,REGENCY CAKESTAND 3 TIER,REVOLVER WOODEN RULER,ROUND SNACK BOXES SET OF4 WOODLAND,SET/10 RED POLKADOT PARTY CANDLES,SET/20 RED RETROSPOT PAPER NAPKINS,STRAWBERRY LUNCH BOX WITH CUTLERY,TEA PARTY BIRTHDAY CARD"
UCI-FRANCE-577152,"CHILDREN'S APRON DOLLY GIRL,LUNCH BAG APPLE DESIGN,LUNCH BAG DOLLY GIRL DESIGN,LUNCH BAG RED RETROSPOT,LUNCH BOX WITH CUTLERY RETROSPOT,PACK OF 20 NAPKINS RED APPLES,PACK OF 72 RETROSPOT CAKE CASES,SET/10 RED POLKADOT PARTY CANDLES,SET/20 RED RETROSPOT PAPER NAPKINS,STRAWBERRY LUNCH BOX WITH CUTLERY"
UCI-FRANCE-577295,"MINI LIGHTS WOODLAND MUSHROOMS,PARTY BUNTING,RABBIT NIGHT LIGHT,RED TOADSTOOL LED NIGHT LIGHT"
UCI-FRANCE-577344,"PACK OF 6 SKULL PAPER CUPS,REGENCY CAKESTAND 3 TIER,RETROSPOT PARTY BAG + STICKER SET,SET OF 9 HEART SHAPED BALLOONS,SET/20 RED RETROSPOT PAPER NAPKINS"
UCI-FRANCE-577502,"4 TRADITIONAL SPINNING TOPS,BAKING SET 9 PIECE RETROSPOT,BLUE HARMONICA IN BOX,CHILDRENS CUTLERY DOLLY GIRL,CHILDRENS CUTLERY SPACEBOY,MINI LIGHTS WOODLAND MUSHROOMS,RABBIT NIGHT LIGHT,RED RETROSPOT MINI CASES,RED TOADSTOOL LED NIGHT LIGHT"
UCI-FRANCE-577687,"PACK OF 6 SKULL PAPER CUPS,PACK OF 6 SKULL PAPER PLATES,PACK OF 72 RETROSPOT CAKE CASES,RABBIT NIGHT LIGHT,RETROSPOT PARTY BAG + STICKER SET,SET/20 RED RETROSPOT PAPER NAPKINS,SET/6 RED SPOTTY PAPER CUPS,SET/6 RED SPOTTY PAPER PLATES"
UCI-FRANCE-577856,"JUMBO BAG WOODLAND ANIMALS,LUNCH BAG RED RETROSPOT,LUNCH BAG WOODLAND,RABBIT NIGHT LIGHT,RED RETROSPOT CHARLOTTE BAG,RETROSPOT PARTY BAG + STICKER SET,ROUND SNACK BOXES SET OF4 WOODLAND,SET/6 RED SPOTTY PAPER CUPS,WOODLAND CHARLOTTE BAG"
UCI-FRANCE-578033,"ALARM CLOCK BAKELIKE GREEN,ALARM CLOCK BAKELIKE RED,JUMBO BAG APPLES,JUMBO BAG RED RETROSPOT,JUMBO BAG WOODLAND ANIMALS,MINI LIGHTS WOODLAND MUSHROOMS,RABBIT NIGHT LIGHT,RED RETROSPOT MINI CASES,RETROSPOT TEA SET CERAMIC 11 PC,ROUND SNACK BOXES SET OF 4 FRUITS,ROUND SNACK BOXES SET OF4 WOODLAND"
UCI-FRANCE-578277,"CHILDRENS CUTLERY DOLLY GIRL,CHILDRENS CUTLERY SPACEBOY,RABBIT NIGHT LIGHT,RED TOADSTOOL LED NIGHT LIGHT"
UCI-FRANCE-578287,"RABBIT NIGHT LIGHT,RED TOADSTOOL LED NIGHT LIGHT"
UCI-FRANCE-578541,"4 TRADITIONAL SPINNING TOPS,BLUE HARMONICA IN BOX,JUMBO BAG RED RETROSPOT,RABBIT NIGHT LIGHT,REVOLVER WOODEN RULER,SET OF 2 TEA TOWELS APPLE AND PEARS,SPACEBOY CHILDRENS BOWL"
UCI-FRANCE-578698,"LUNCH BAG APPLE DESIGN,LUNCH BAG RED RETROSPOT,LUNCH BAG SUKI DESIGN,RABBIT NIGHT LIGHT,SPACEBOY BIRTHDAY CARD"
UCI-FRANCE-578736,"GUMBALL COAT RACK,RABBIT NIGHT LIGHT,RED RETROSPOT CHARLOTTE BAG,RED RETROSPOT MINI CASES"
UCI-FRANCE-578835,"RABBIT NIGHT LIGHT,RED TOADSTOOL LED NIGHT LIGHT"
UCI-FRANCE-579153,"MINI PAINT SET VINTAGE,PLASTERS IN TIN CIRCUS PARADE,PLASTERS IN TIN STRONGMAN,PLASTERS IN TIN WOODLAND ANIMALS"
UCI-FRANCE-579345,"ALARM CLOCK BAKELIKE PINK,ALARM CLOCK BAKELIKE RED,ASSORTED COLOUR MINI CASES,BAKING SET 9 PIECE RETROSPOT,LUNCH BOX I LOVE LONDON,MINI PAINT SET VINTAGE,PLASTERS IN TIN CIRCUS PARADE,PLASTERS IN TIN SKULLS,RABBIT NIGHT LIGHT,RETROSPOT TEA SET CERAMIC 11 PC,STRAWBERRY LUNCH BOX WITH CUTLERY"
UCI-FRANCE-579492,"COFFEE MUG APPLES DESIGN,MINI LIGHTS WOODLAND MUSHROOMS,PLASTERS IN TIN CIRCUS PARADE,PLASTERS IN TIN STRONGMAN,RABBIT NIGHT LIGHT,RED TOADSTOOL LED NIGHT LIGHT,ROUND SNACK BOXES SET OF 4 FRUITS"
UCI-FRANCE-579529,"ASSORTED COLOUR MINI CASES,BAKING SET 9 PIECE RETROSPOT,CHILDREN'S APRON DOLLY GIRL,POPPY'S PLAYHOUSE KITCHEN,RABBIT NIGHT LIGHT,RED RETROSPOT MINI CASES,RED RETROSPOT PICNIC BAG,RETROSPOT CHILDRENS APRON,RETROSPOT TEA SET CERAMIC 11 PC,REVOLVER WOODEN RULER"
UCI-FRANCE-579634,"PACK OF 72 RETROSPOT CAKE CASES,REGENCY CAKESTAND 3 TIER"
UCI-FRANCE-579708,"JAM MAKING SET PRINTED,LUNCH BAG RED RETROSPOT,LUNCH BAG VINTAGE DOILY,MINI LIGHTS WOODLAND MUSHROOMS,RABBIT NIGHT LIGHT,RED TOADSTOOL LED NIGHT LIGHT,TEA PARTY BIRTHDAY CARD"
UCI-FRANCE-579792,"BAKING SET 9 PIECE RETROSPOT,BLUE HARMONICA IN BOX,CHILDREN'S APRON DOLLY GIRL,CHILDRENS CUTLERY DOLLY GIRL,CHILDRENS CUTLERY SPACEBOY,LUNCH BAG DOLLY GIRL DESIGN,LUNCH BAG VINTAGE DOILY,RABBIT NIGHT LIGHT,ROUND SNACK BOXES SET OF 4 FRUITS,ROUND SNACK BOXES SET OF4 WOODLAND,SET OF 9 BLACK SKULL BALLOONS"
UCI-FRANCE-579870,"PLASTERS IN TIN SPACEBOY,PLASTERS IN TIN WOODLAND ANIMALS,RABBIT NIGHT LIGHT,RED TOADSTOOL LED NIGHT LIGHT,REGENCY CAKESTAND 3 TIER"
UCI-FRANCE-580120,"JUMBO BAG RED RETROSPOT,JUMBO BAG SPACEBOY DESIGN,RABBIT NIGHT LIGHT,RED TOADSTOOL LED NIGHT LIGHT,SET OF 9 HEART SHAPED BALLOONS"
UCI-FRANCE-580126,"ALARM CLOCK BAKELIKE GREEN,ALARM CLOCK BAKELIKE PINK,ALARM CLOCK BAKELIKE RED,LUNCH BAG DOLLY GIRL DESIGN,LUNCH BAG WOODLAND,RABBIT NIGHT LIGHT"
UCI-FRANCE-580144,"4 TRADITIONAL SPINNING TOPS,ALARM CLOCK BAKELIKE PINK,PLASTERS IN TIN CIRCUS PARADE,PLASTERS IN TIN SKULLS"
UCI-FRANCE-580160,"ALARM CLOCK BAKELIKE GREEN,ALARM CLOCK BAKELIKE PINK,ALARM CLOCK BAKELIKE RED,BLUE HARMONICA IN BOX,CHARLOTTE BAG DOLLY GIRL DESIGN,COFFEE MUG APPLES DESIGN,LUNCH BOX WITH CUTLERY RETROSPOT,MINI LIGHTS WOODLAND MUSHROOMS,PARTY BUNTING,PLASTERS IN TIN CIRCUS PARADE,PLASTERS IN TIN SKULLS,PLASTERS IN TIN SPACEBOY,PLASTERS IN TIN STRONGMAN,PLASTERS IN TIN WOODLAND ANIMALS,RABBIT NIGHT LIGHT,RED RETROSPOT CHARLOTTE BAG,RED TOADSTOOL LED NIGHT LIGHT,RETROSPOT CHILDRENS APRON,SKULL LUNCH BOX WITH CUTLERY,SPACEBOY CHILDRENS BOWL,STRAWBERRY LUNCH BOX WITH CUTLERY"
UCI-FRANCE-580509,"BAKING SET 9 PIECE RETROSPOT,BLUE HARMONICA IN BOX"
UCI-FRANCE-580534,"JUMBO BAG APPLES,JUMBO BAG SPACEBOY DESIGN,JUMBO BAG WOODLAND ANIMALS,MINI LIGHTS WOODLAND MUSHROOMS,RABBIT NIGHT LIGHT"
UCI-FRANCE-580536,"CHARLOTTE BAG APPLES DESIGN,CHARLOTTE BAG PINK POLKADOT,JUMBO BAG APPLES,PAPER BUNTING RETROSPOT,RED RETROSPOT CHARLOTTE BAG,RED RETROSPOT CHILDRENS UMBRELLA,RED TOADSTOOL LED NIGHT LIGHT,RETROSPOT CHILDRENS APRON,RETROSPOT TEA SET CERAMIC 11 PC,WOODLAND CHARLOTTE BAG"
UCI-FRANCE-580705,"COFFEE MUG APPLES DESIGN,PACK OF 6 SKULL PAPER CUPS,PACK OF 6 SKULL PAPER PLATES,PAPER BUNTING RETROSPOT,ROUND SNACK BOXES SET OF 4 FRUITS,SET OF 2 TEA TOWELS APPLE AND PEARS,SET OF 9 BLACK SKULL BALLOONS,SET OF 9 HEART SHAPED BALLOONS,SET/20 RED RETROSPOT PAPER NAPKINS,SET/6 RED SPOTTY PAPER CUPS,SET/6 RED SPOTTY PAPER PLATES"
UCI-FRANCE-580736,"CHILDRENS APRON SPACEBOY DESIGN,COFFEE MUG APPLES DESIGN,PARTY BUNTING,ROUND SNACK BOXES SET OF 4 FRUITS,ROUND SNACK BOXES SET OF4 WOODLAND,SET OF 9 BLACK SKULL BALLOONS"
UCI-FRANCE-580753,"BAKING SET 9 PIECE RETROSPOT,GUMBALL COAT RACK,JUMBO BAG RED RETROSPOT,PACK OF 72 RETROSPOT CAKE CASES,PARTY BUNTING,PLASTERS IN TIN CIRCUS PARADE,PLASTERS IN TIN SPACEBOY,PLASTERS IN TIN STRONGMAN,RABBIT NIGHT LIGHT,RED RETROSPOT MINI CASES,REGENCY CAKESTAND 3 TIER,RETROSPOT TEA SET CERAMIC 11 PC"
UCI-FRANCE-580756,"CHILDRENS CUTLERY DOLLY GIRL,CHILDRENS CUTLERY SPACEBOY"
UCI-FRANCE-580986,"SPACEBOY BIRTHDAY CARD,TEA PARTY BIRTHDAY CARD"
UCI-FRANCE-581001,"ALARM CLOCK BAKELIKE GREEN,ALARM CLOCK BAKELIKE PINK,CHILDRENS APRON SPACEBOY DESIGN,LUNCH BOX WITH CUTLERY RETROSPOT,MINI LIGHTS WOODLAND MUSHROOMS,RABBIT NIGHT LIGHT,RETROSPOT CHILDRENS APRON,ROUND SNACK BOXES SET OF4 WOODLAND,STRAWBERRY LUNCH BOX WITH CUTLERY"
UCI-FRANCE-581171,"4 TRADITIONAL SPINNING TOPS,BLUE HARMONICA IN BOX,RABBIT NIGHT LIGHT,RED RETROSPOT CHILDRENS UMBRELLA,RED RETROSPOT MINI CASES,SPACEBOY BIRTHDAY CARD,TEA PARTY BIRTHDAY CARD"
UCI-FRANCE-581587,"ALARM CLOCK BAKELIKE GREEN,ALARM CLOCK BAKELIKE PINK,ALARM CLOCK BAKELIKE RED,BAKING SET 9 PIECE RETROSPOT,CHILDREN'S APRON DOLLY GIRL,CHILDRENS APRON SPACEBOY DESIGN,CHILDRENS CUTLERY DOLLY GIRL,CHILDRENS CUTLERY SPACEBOY,CIRCUS PARADE LUNCH BOX,PLASTERS IN TIN CIRCUS PARADE,PLASTERS IN TIN STRONGMAN,SPACEBOY LUNCH BOX"
